schemaname,tablename,indexname,indexdef
public,AIRecommendationLog,AIRecommendationLog_pkey,"CREATE UNIQUE INDEX ""AIRecommendationLog_pkey"" ON public.""AIRecommendationLog"" USING btree (""Id"")"
public,AIRecommendationLog,idx_airecommendationlog_customer,"CREATE INDEX idx_airecommendationlog_customer ON public.""AIRecommendationLog"" USING btree (""CustomerId"")"
public,AIRecommendationLog,idx_airecommendationlog_nightmarket,"CREATE INDEX idx_airecommendationlog_nightmarket ON public.""AIRecommendationLog"" USING btree (""NightMarketId"")"
public,AIRecommendationLog,idx_airecommendationlog_type_created,"CREATE INDEX idx_airecommendationlog_type_created ON public.""AIRecommendationLog"" USING btree (""RecommendationType"", ""CreatedAt"")"
public,AiMealPlan,PK_AiMealPlan,"CREATE UNIQUE INDEX ""PK_AiMealPlan"" ON public.""AiMealPlan"" USING btree (""Id"")"
public,AiMealPlan,idx_aimealplan_market,"CREATE INDEX idx_aimealplan_market ON public.""AiMealPlan"" USING btree (""MarketId"")"
public,AiMealPlan,ux_aimealplan_session_code,"CREATE UNIQUE INDEX ux_aimealplan_session_code ON public.""AiMealPlan"" USING btree (""SessionId"", ""PlanCode"")"
public,AiMealPlanCartOperation,PK_AiMealPlanCartOperation,"CREATE UNIQUE INDEX ""PK_AiMealPlanCartOperation"" ON public.""AiMealPlanCartOperation"" USING btree (""Id"")"
public,AiMealPlanCartOperation,idx_aimealplancart_plan,"CREATE INDEX idx_aimealplancart_plan ON public.""AiMealPlanCartOperation"" USING btree (""PlanId"")"
public,AiMealPlanCartOperation,ux_aimealplancart_customer_key,"CREATE UNIQUE INDEX ux_aimealplancart_customer_key ON public.""AiMealPlanCartOperation"" USING btree (""CustomerId"", ""IdempotencyKey"")"
public,AiMealPlanItem,IX_AiMealPlanItem_BoothId,"CREATE INDEX ""IX_AiMealPlanItem_BoothId"" ON public.""AiMealPlanItem"" USING btree (""BoothId"")"
public,AiMealPlanItem,IX_AiMealPlanItem_FoodItemId,"CREATE INDEX ""IX_AiMealPlanItem_FoodItemId"" ON public.""AiMealPlanItem"" USING btree (""FoodItemId"")"
public,AiMealPlanItem,PK_AiMealPlanItem,"CREATE UNIQUE INDEX ""PK_AiMealPlanItem"" ON public.""AiMealPlanItem"" USING btree (""Id"")"
public,AiMealPlanItem,idx_aimealplanitem_plan,"CREATE INDEX idx_aimealplanitem_plan ON public.""AiMealPlanItem"" USING btree (""PlanId"")"
public,AiMealPlanItem,ux_aimealplanitem_active_food,"CREATE UNIQUE INDEX ux_aimealplanitem_active_food ON public.""AiMealPlanItem"" USING btree (""PlanId"", ""FoodItemId"") WHERE ((""IsRemoved"" = false) AND (""FoodItemId"" IS NOT NULL))"
public,AiMealPlanSession,PK_AiMealPlanSession,"CREATE UNIQUE INDEX ""PK_AiMealPlanSession"" ON public.""AiMealPlanSession"" USING btree (""Id"")"
public,AiMealPlanSession,idx_aimealplansession_customer_created,"CREATE INDEX idx_aimealplansession_customer_created ON public.""AiMealPlanSession"" USING btree (""CustomerId"", ""CreatedAt"")"
public,AiMealPlanSession,ux_aimealplansession_customer_idempotency,"CREATE UNIQUE INDEX ux_aimealplansession_customer_idempotency ON public.""AiMealPlanSession"" USING btree (""CustomerId"", ""IdempotencyKey"") WHERE ((""CustomerId"" IS NOT NULL) AND (""IdempotencyKey"" IS NOT NULL))"
public,AiRecommendationFeedback,IX_AiRecommendationFeedback_FoodItemId,"CREATE INDEX ""IX_AiRecommendationFeedback_FoodItemId"" ON public.""AiRecommendationFeedback"" USING btree (""FoodItemId"")"
public,AiRecommendationFeedback,PK_AiRecommendationFeedback,"CREATE UNIQUE INDEX ""PK_AiRecommendationFeedback"" ON public.""AiRecommendationFeedback"" USING btree (""Id"")"
public,AiRecommendationFeedback,idx_airecommendationfeedback_session,"CREATE INDEX idx_airecommendationfeedback_session ON public.""AiRecommendationFeedback"" USING btree (""SessionId"")"
public,AiRecommendationFeedback,ux_airecommendationfeedback_state,"CREATE UNIQUE INDEX ux_airecommendationfeedback_state ON public.""AiRecommendationFeedback"" USING btree (""SessionId"", ""FoodItemId"") WHERE ((""FoodItemId"" IS NOT NULL) AND ((""Action"")::text = ANY ((ARRAY['LIKED'::character varying, 'DISLIKED'::character varying])::text[])))"
public,AiRecommendationResult,IX_AiRecommendationResult_FoodItemId,"CREATE INDEX ""IX_AiRecommendationResult_FoodItemId"" ON public.""AiRecommendationResult"" USING btree (""FoodItemId"")"
public,AiRecommendationResult,PK_AiRecommendationResult,"CREATE UNIQUE INDEX ""PK_AiRecommendationResult"" ON public.""AiRecommendationResult"" USING btree (""SessionId"", ""FoodItemId"")"
public,AiRecommendationResult,ux_airecommendationresult_session_rank,"CREATE UNIQUE INDEX ux_airecommendationresult_session_rank ON public.""AiRecommendationResult"" USING btree (""SessionId"", ""Rank"")"
public,AiRecommendationSession,PK_AiRecommendationSession,"CREATE UNIQUE INDEX ""PK_AiRecommendationSession"" ON public.""AiRecommendationSession"" USING btree (""Id"")"
public,AiRecommendationSession,idx_airecommendationsession_customer_created,"CREATE INDEX idx_airecommendationsession_customer_created ON public.""AiRecommendationSession"" USING btree (""CustomerId"", ""CreatedAt"")"
public,Allergen,Allergen_pkey,"CREATE UNIQUE INDEX ""Allergen_pkey"" ON public.""Allergen"" USING btree (""Id"")"
public,Allergen,ux_allergen_code,"CREATE UNIQUE INDEX ux_allergen_code ON public.""Allergen"" USING btree (""Code"")"
public,Booth,Booth_pkey,"CREATE UNIQUE INDEX ""Booth_pkey"" ON public.""Booth"" USING btree (""Id"")"
public,Booth,IX_Booth_RegistrationId,"CREATE INDEX ""IX_Booth_RegistrationId"" ON public.""Booth"" USING btree (""RegistrationId"")"
public,Booth,IX_Booth_ZoneId,"CREATE INDEX ""IX_Booth_ZoneId"" ON public.""Booth"" USING btree (""ZoneId"")"
public,Booth,idx_booth_nightmarket,"CREATE INDEX idx_booth_nightmarket ON public.""Booth"" USING btree (""NightMarketId"")"
public,Booth,uq_booth_owner,"CREATE UNIQUE INDEX uq_booth_owner ON public.""Booth"" USING btree (""BoothOwnerId"")"
public,BoothDocuments,BoothDocuments_pkey,"CREATE UNIQUE INDEX ""BoothDocuments_pkey"" ON public.""BoothDocuments"" USING btree (""Id"")"
public,BoothDocuments,IX_BoothDocuments_BoothId,"CREATE INDEX ""IX_BoothDocuments_BoothId"" ON public.""BoothDocuments"" USING btree (""BoothId"")"
public,BoothDocuments,IX_BoothDocuments_RegistrationId,"CREATE INDEX ""IX_BoothDocuments_RegistrationId"" ON public.""BoothDocuments"" USING btree (""RegistrationId"")"
public,BoothImages,BoothImages_pkey,"CREATE UNIQUE INDEX ""BoothImages_pkey"" ON public.""BoothImages"" USING btree (""Id"")"
public,BoothImages,IX_BoothImages_BoothId,"CREATE INDEX ""IX_BoothImages_BoothId"" ON public.""BoothImages"" USING btree (""BoothId"")"
public,BoothLocations,BoothLocations_pkey,"CREATE UNIQUE INDEX ""BoothLocations_pkey"" ON public.""BoothLocations"" USING btree (""Id"")"
public,BoothLocations,IX_BoothLocations_LayoutId,"CREATE INDEX ""IX_BoothLocations_LayoutId"" ON public.""BoothLocations"" USING btree (""LayoutId"")"
public,BoothLocations,IX_BoothLocations_ZoneId,"CREATE INDEX ""IX_BoothLocations_ZoneId"" ON public.""BoothLocations"" USING btree (""ZoneId"")"
public,BoothLocations,ux_boothlocation_active_booth,"CREATE UNIQUE INDEX ux_boothlocation_active_booth ON public.""BoothLocations"" USING btree (""BoothId"") WHERE (""IsDeleted"" = false)"
public,BoothLocations,ux_boothlocation_active_node,"CREATE UNIQUE INDEX ux_boothlocation_active_node ON public.""BoothLocations"" USING btree (""LayoutNodeId"") WHERE (""IsDeleted"" = false)"
public,BoothPaymentInfos,BoothPaymentInfos_pkey,"CREATE UNIQUE INDEX ""BoothPaymentInfos_pkey"" ON public.""BoothPaymentInfos"" USING btree (""Id"")"
public,BoothPaymentInfos,IX_BoothPaymentInfos_BoothId,"CREATE INDEX ""IX_BoothPaymentInfos_BoothId"" ON public.""BoothPaymentInfos"" USING btree (""BoothId"")"
public,BoothRegistrations,IX_BoothRegistrations_BoothId,"CREATE INDEX ""IX_BoothRegistrations_BoothId"" ON public.""BoothRegistrations"" USING btree (""BoothId"")"
public,BoothRegistrations,IX_BoothRegistrations_PreferredLayoutNodeId,"CREATE INDEX ""IX_BoothRegistrations_PreferredLayoutNodeId"" ON public.""BoothRegistrations"" USING btree (""PreferredLayoutNodeId"")"
public,BoothRegistrations,IX_BoothRegistrations_PreferredZoneId,"CREATE INDEX ""IX_BoothRegistrations_PreferredZoneId"" ON public.""BoothRegistrations"" USING btree (""PreferredZoneId"")"
public,BoothRegistrations,IX_BoothRegistrations_RequestedNightMarketId,"CREATE INDEX ""IX_BoothRegistrations_RequestedNightMarketId"" ON public.""BoothRegistrations"" USING btree (""RequestedNightMarketId"")"
public,BoothRegistrations,PK_BoothRegistrations,"CREATE UNIQUE INDEX ""PK_BoothRegistrations"" ON public.""BoothRegistrations"" USING btree (""Id"")"
public,BoothRegistrations,uq_pending_booth_registration_owner,"CREATE UNIQUE INDEX uq_pending_booth_registration_owner ON public.""BoothRegistrations"" USING btree (""OwnerId"") WHERE (""Status"" = 1)"
public,BoothSubscriptions,BoothSubscriptions_pkey,"CREATE UNIQUE INDEX ""BoothSubscriptions_pkey"" ON public.""BoothSubscriptions"" USING btree (""Id"")"
public,BoothSubscriptions,IX_BoothSubscriptions_BoothId,"CREATE INDEX ""IX_BoothSubscriptions_BoothId"" ON public.""BoothSubscriptions"" USING btree (""BoothId"")"
public,BoothSubscriptions,IX_BoothSubscriptions_BoothId_Active,"CREATE UNIQUE INDEX ""IX_BoothSubscriptions_BoothId_Active"" ON public.""BoothSubscriptions"" USING btree (""BoothId"") WHERE ((""Status"")::text = 'Active'::text)"
public,BoothSubscriptions,IX_BoothSubscriptions_BoothId_PendingPayment,"CREATE UNIQUE INDEX ""IX_BoothSubscriptions_BoothId_PendingPayment"" ON public.""BoothSubscriptions"" USING btree (""BoothId"") WHERE ((""Status"")::text = 'PendingPayment'::text)"
public,BoothSubscriptions,IX_BoothSubscriptions_PackageId,"CREATE INDEX ""IX_BoothSubscriptions_PackageId"" ON public.""BoothSubscriptions"" USING btree (""PackageId"")"
public,BoothSubscriptions,IX_BoothSubscriptions_PayOSOrderCode,"CREATE UNIQUE INDEX ""IX_BoothSubscriptions_PayOSOrderCode"" ON public.""BoothSubscriptions"" USING btree (""PayOSOrderCode"") WHERE (""PayOSOrderCode"" IS NOT NULL)"
public,Cart,Cart_pkey,"CREATE UNIQUE INDEX ""Cart_pkey"" ON public.""Cart"" USING btree (""Id"")"
public,Cart,ux_cart_active_customer,"CREATE UNIQUE INDEX ux_cart_active_customer ON public.""Cart"" USING btree (""CustomerId"") WHERE (""IsDeleted"" = false)"
public,CartItem,CartItem_pkey,"CREATE UNIQUE INDEX ""CartItem_pkey"" ON public.""CartItem"" USING btree (""Id"")"
public,CartItem,idx_cartitem_cart,"CREATE INDEX idx_cartitem_cart ON public.""CartItem"" USING btree (""CartId"")"
public,CartItem,idx_cartitem_fooditem,"CREATE INDEX idx_cartitem_fooditem ON public.""CartItem"" USING btree (""FoodItemId"")"
public,CartItem,ux_cartitem_active_food,"CREATE UNIQUE INDEX ux_cartitem_active_food ON public.""CartItem"" USING btree (""CartId"", ""FoodItemId"") WHERE (""IsDeleted"" = false)"
public,ComplaintImages,ComplaintImages_pkey,"CREATE UNIQUE INDEX ""ComplaintImages_pkey"" ON public.""ComplaintImages"" USING btree (""Id"")"
public,ComplaintImages,IX_ComplaintImages_ComplaintId,"CREATE INDEX ""IX_ComplaintImages_ComplaintId"" ON public.""ComplaintImages"" USING btree (""ComplaintId"")"
public,Complaints,Complaints_pkey,"CREATE UNIQUE INDEX ""Complaints_pkey"" ON public.""Complaints"" USING btree (""Id"")"
public,Complaints,IX_Complaints_BoothId,"CREATE INDEX ""IX_Complaints_BoothId"" ON public.""Complaints"" USING btree (""BoothId"")"
public,Complaints,IX_Complaints_OrderId,"CREATE INDEX ""IX_Complaints_OrderId"" ON public.""Complaints"" USING btree (""OrderId"")"
public,Complaints,idx_complaint_customer_created,"CREATE INDEX idx_complaint_customer_created ON public.""Complaints"" USING btree (""CustomerId"", ""CreatedAt"" DESC)"
public,Complaints,uq_complaint_active_customer_order_booth,"CREATE UNIQUE INDEX uq_complaint_active_customer_order_booth ON public.""Complaints"" USING btree (""CustomerId"", ""OrderId"", ""BoothId"") WHERE ((""Status"")::text = 'Pending'::text)"
public,Conversations,Conversations_pkey,"CREATE UNIQUE INDEX ""Conversations_pkey"" ON public.""Conversations"" USING btree (""Id"")"
public,Conversations,IX_Conversations_LastMessageId,"CREATE INDEX ""IX_Conversations_LastMessageId"" ON public.""Conversations"" USING btree (""LastMessageId"")"
public,Conversations,idx_conversation_booth_last_message,"CREATE INDEX idx_conversation_booth_last_message ON public.""Conversations"" USING btree (""BoothId"", ""LastMessageAt"")"
public,Conversations,idx_conversation_customer_last_message,"CREATE INDEX idx_conversation_customer_last_message ON public.""Conversations"" USING btree (""CustomerId"", ""LastMessageAt"")"
public,Conversations,idx_conversation_last_message,"CREATE INDEX idx_conversation_last_message ON public.""Conversations"" USING btree (""LastMessageAt"")"
public,Conversations,uq_conversation_customer_booth,"CREATE UNIQUE INDEX uq_conversation_customer_booth ON public.""Conversations"" USING btree (""CustomerId"", ""BoothId"")"
public,CustomerAllergenExclusion,IX_CustomerAllergenExclusion_AllergenId,"CREATE INDEX ""IX_CustomerAllergenExclusion_AllergenId"" ON public.""CustomerAllergenExclusion"" USING btree (""AllergenId"")"
public,CustomerAllergenExclusion,PK_CustomerAllergenExclusion,"CREATE UNIQUE INDEX ""PK_CustomerAllergenExclusion"" ON public.""CustomerAllergenExclusion"" USING btree (""CustomerId"", ""AllergenId"")"
public,CustomerAvoidedIngredient,IX_CustomerAvoidedIngredient_IngredientId,"CREATE INDEX ""IX_CustomerAvoidedIngredient_IngredientId"" ON public.""CustomerAvoidedIngredient"" USING btree (""IngredientId"")"
public,CustomerAvoidedIngredient,PK_CustomerAvoidedIngredient,"CREATE UNIQUE INDEX ""PK_CustomerAvoidedIngredient"" ON public.""CustomerAvoidedIngredient"" USING btree (""CustomerId"", ""IngredientId"")"
public,CustomerAvoidedTasteProfile,IX_CustomerAvoidedTasteProfile_TasteProfileId,"CREATE INDEX ""IX_CustomerAvoidedTasteProfile_TasteProfileId"" ON public.""CustomerAvoidedTasteProfile"" USING btree (""TasteProfileId"")"
public,CustomerAvoidedTasteProfile,PK_CustomerAvoidedTasteProfile,"CREATE UNIQUE INDEX ""PK_CustomerAvoidedTasteProfile"" ON public.""CustomerAvoidedTasteProfile"" USING btree (""CustomerId"", ""TasteProfileId"")"
public,CustomerDietaryRequirement,IX_CustomerDietaryRequirement_DietaryAttributeId,"CREATE INDEX ""IX_CustomerDietaryRequirement_DietaryAttributeId"" ON public.""CustomerDietaryRequirement"" USING btree (""DietaryAttributeId"")"
public,CustomerDietaryRequirement,PK_CustomerDietaryRequirement,"CREATE UNIQUE INDEX ""PK_CustomerDietaryRequirement"" ON public.""CustomerDietaryRequirement"" USING btree (""CustomerId"", ""DietaryAttributeId"")"
public,CustomerFoodProfile,PK_CustomerFoodProfile,"CREATE UNIQUE INDEX ""PK_CustomerFoodProfile"" ON public.""CustomerFoodProfile"" USING btree (""CustomerId"")"
public,CustomerPreference,CustomerPreference_pkey,"CREATE UNIQUE INDEX ""CustomerPreference_pkey"" ON public.""CustomerPreference"" USING btree (""Id"")"
public,CustomerPreference,idx_customerpreference_customer,"CREATE INDEX idx_customerpreference_customer ON public.""CustomerPreference"" USING btree (""CustomerId"")"
public,CustomerPreference,idx_customerpreference_foodtag,"CREATE INDEX idx_customerpreference_foodtag ON public.""CustomerPreference"" USING btree (""FoodTagId"")"
public,CustomerPreference,ux_customerpreference_tag_kind,"CREATE UNIQUE INDEX ux_customerpreference_tag_kind ON public.""CustomerPreference"" USING btree (""CustomerId"", ""FoodTagId"", ""PreferenceKind"")"
public,CustomerPreferredCourse,PK_CustomerPreferredCourse,"CREATE UNIQUE INDEX ""PK_CustomerPreferredCourse"" ON public.""CustomerPreferredCourse"" USING btree (""CustomerId"", ""Course"")"
public,CustomerPreferredDiningPurpose,PK_CustomerPreferredDiningPurpose,"CREATE UNIQUE INDEX ""PK_CustomerPreferredDiningPurpose"" ON public.""CustomerPreferredDiningPurpose"" USING btree (""CustomerId"", ""Purpose"")"
public,CustomerPreferredIngredient,IX_CustomerPreferredIngredient_IngredientId,"CREATE INDEX ""IX_CustomerPreferredIngredient_IngredientId"" ON public.""CustomerPreferredIngredient"" USING btree (""IngredientId"")"
public,CustomerPreferredIngredient,PK_CustomerPreferredIngredient,"CREATE UNIQUE INDEX ""PK_CustomerPreferredIngredient"" ON public.""CustomerPreferredIngredient"" USING btree (""CustomerId"", ""IngredientId"")"
public,CustomerPreferredPreparationMethod,IX_CustomerPreferredPreparationMethod_PreparationMethodId,"CREATE INDEX ""IX_CustomerPreferredPreparationMethod_PreparationMethodId"" ON public.""CustomerPreferredPreparationMethod"" USING btree (""PreparationMethodId"")"
public,CustomerPreferredPreparationMethod,PK_CustomerPreferredPreparationMethod,"CREATE UNIQUE INDEX ""PK_CustomerPreferredPreparationMethod"" ON public.""CustomerPreferredPreparationMethod"" USING btree (""CustomerId"", ""PreparationMethodId"")"
public,CustomerPreferredTasteProfile,IX_CustomerPreferredTasteProfile_TasteProfileId,"CREATE INDEX ""IX_CustomerPreferredTasteProfile_TasteProfileId"" ON public.""CustomerPreferredTasteProfile"" USING btree (""TasteProfileId"")"
public,CustomerPreferredTasteProfile,PK_CustomerPreferredTasteProfile,"CREATE UNIQUE INDEX ""PK_CustomerPreferredTasteProfile"" ON public.""CustomerPreferredTasteProfile"" USING btree (""CustomerId"", ""TasteProfileId"")"
public,DietaryAttribute,DietaryAttribute_pkey,"CREATE UNIQUE INDEX ""DietaryAttribute_pkey"" ON public.""DietaryAttribute"" USING btree (""Id"")"
public,DietaryAttribute,ux_dietaryattribute_code,"CREATE UNIQUE INDEX ux_dietaryattribute_code ON public.""DietaryAttribute"" USING btree (""Code"")"
public,EmailOutbox,IX_EmailOutbox_ReferenceId_EmailType,"CREATE UNIQUE INDEX ""IX_EmailOutbox_ReferenceId_EmailType"" ON public.""EmailOutbox"" USING btree (""ReferenceId"", ""EmailType"")"
public,EmailOutbox,PK_EmailOutbox,"CREATE UNIQUE INDEX ""PK_EmailOutbox"" ON public.""EmailOutbox"" USING btree (""Id"")"
public,FoodAiProfile,PK_FoodAiProfile,"CREATE UNIQUE INDEX ""PK_FoodAiProfile"" ON public.""FoodAiProfile"" USING btree (""FoodItemId"")"
public,FoodAiProfile,idx_foodaiprofile_contenthash,"CREATE INDEX idx_foodaiprofile_contenthash ON public.""FoodAiProfile"" USING btree (""ContentHash"")"
public,FoodCategories,FoodCategories_BoothId_Name_key,"CREATE UNIQUE INDEX ""FoodCategories_BoothId_Name_key"" ON public.""FoodCategories"" USING btree (""BoothId"", ""Name"") WHERE (""IsDeleted"" = false)"
public,FoodCategories,FoodCategories_pkey,"CREATE UNIQUE INDEX ""FoodCategories_pkey"" ON public.""FoodCategories"" USING btree (""Id"")"
public,FoodCategories,idx_foodcategory_booth,"CREATE INDEX idx_foodcategory_booth ON public.""FoodCategories"" USING btree (""BoothId"")"
public,FoodCategories,ux_foodcategory_code_active,"CREATE UNIQUE INDEX ux_foodcategory_code_active ON public.""FoodCategories"" USING btree (""Code"") WHERE (""IsDeleted"" = false)"
public,FoodImages,FoodImages_pkey,"CREATE UNIQUE INDEX ""FoodImages_pkey"" ON public.""FoodImages"" USING btree (""Id"")"
public,FoodImages,IX_FoodImages_FoodItemId,"CREATE INDEX ""IX_FoodImages_FoodItemId"" ON public.""FoodImages"" USING btree (""FoodItemId"")"
public,FoodItem,FoodItem_pkey,"CREATE UNIQUE INDEX ""FoodItem_pkey"" ON public.""FoodItem"" USING btree (""Id"")"
public,FoodItem,idx_fooditem_booth,"CREATE INDEX idx_fooditem_booth ON public.""FoodItem"" USING btree (""BoothId"")"
public,FoodItem,idx_fooditem_category,"CREATE INDEX idx_fooditem_category ON public.""FoodItem"" USING btree (""CategoryId"")"
public,FoodItemAllergen,IX_FoodItemAllergen_AllergenId,"CREATE INDEX ""IX_FoodItemAllergen_AllergenId"" ON public.""FoodItemAllergen"" USING btree (""AllergenId"")"
public,FoodItemAllergen,PK_FoodItemAllergen,"CREATE UNIQUE INDEX ""PK_FoodItemAllergen"" ON public.""FoodItemAllergen"" USING btree (""FoodItemId"", ""AllergenId"")"
public,FoodItemCourse,PK_FoodItemCourse,"CREATE UNIQUE INDEX ""PK_FoodItemCourse"" ON public.""FoodItemCourse"" USING btree (""FoodItemId"", ""Course"")"
public,FoodItemCourse,ux_fooditemcourse_primary,"CREATE UNIQUE INDEX ux_fooditemcourse_primary ON public.""FoodItemCourse"" USING btree (""FoodItemId"") WHERE (""IsPrimary"" = true)"
public,FoodItemDietaryAttribute,IX_FoodItemDietaryAttribute_DietaryAttributeId,"CREATE INDEX ""IX_FoodItemDietaryAttribute_DietaryAttributeId"" ON public.""FoodItemDietaryAttribute"" USING btree (""DietaryAttributeId"")"
public,FoodItemDietaryAttribute,PK_FoodItemDietaryAttribute,"CREATE UNIQUE INDEX ""PK_FoodItemDietaryAttribute"" ON public.""FoodItemDietaryAttribute"" USING btree (""FoodItemId"", ""DietaryAttributeId"")"
public,FoodItemDiningPurpose,PK_FoodItemDiningPurpose,"CREATE UNIQUE INDEX ""PK_FoodItemDiningPurpose"" ON public.""FoodItemDiningPurpose"" USING btree (""FoodItemId"", ""Purpose"")"
public,FoodItemIngredient,IX_FoodItemIngredient_IngredientId,"CREATE INDEX ""IX_FoodItemIngredient_IngredientId"" ON public.""FoodItemIngredient"" USING btree (""IngredientId"")"
public,FoodItemIngredient,PK_FoodItemIngredient,"CREATE UNIQUE INDEX ""PK_FoodItemIngredient"" ON public.""FoodItemIngredient"" USING btree (""FoodItemId"", ""IngredientId"")"
public,FoodItemPreparationMethod,IX_FoodItemPreparationMethod_PreparationMethodId,"CREATE INDEX ""IX_FoodItemPreparationMethod_PreparationMethodId"" ON public.""FoodItemPreparationMethod"" USING btree (""PreparationMethodId"")"
public,FoodItemPreparationMethod,PK_FoodItemPreparationMethod,"CREATE UNIQUE INDEX ""PK_FoodItemPreparationMethod"" ON public.""FoodItemPreparationMethod"" USING btree (""FoodItemId"", ""PreparationMethodId"")"
public,FoodItemPreparationMethod,ux_fooditempreparation_primary,"CREATE UNIQUE INDEX ux_fooditempreparation_primary ON public.""FoodItemPreparationMethod"" USING btree (""FoodItemId"") WHERE (""IsPrimary"" = true)"
public,FoodItemSearchFacet,IX_FoodItemSearchFacet_FoodSearchFacetId,"CREATE INDEX ""IX_FoodItemSearchFacet_FoodSearchFacetId"" ON public.""FoodItemSearchFacet"" USING btree (""FoodSearchFacetId"")"
public,FoodItemSearchFacet,PK_FoodItemSearchFacet,"CREATE UNIQUE INDEX ""PK_FoodItemSearchFacet"" ON public.""FoodItemSearchFacet"" USING btree (""FoodItemId"", ""FoodSearchFacetId"")"
public,FoodItemTag,FoodItemTag_pkey,"CREATE UNIQUE INDEX ""FoodItemTag_pkey"" ON public.""FoodItemTag"" USING btree (""FoodItemId"", ""FoodTagId"")"
public,FoodItemTag,idx_fooditemtag_foodtag,"CREATE INDEX idx_fooditemtag_foodtag ON public.""FoodItemTag"" USING btree (""FoodTagId"")"
public,FoodItemTasteProfile,IX_FoodItemTasteProfile_TasteProfileId,"CREATE INDEX ""IX_FoodItemTasteProfile_TasteProfileId"" ON public.""FoodItemTasteProfile"" USING btree (""TasteProfileId"")"
public,FoodItemTasteProfile,PK_FoodItemTasteProfile,"CREATE UNIQUE INDEX ""PK_FoodItemTasteProfile"" ON public.""FoodItemTasteProfile"" USING btree (""FoodItemId"", ""TasteProfileId"")"
public,FoodPrice,FoodPrice_pkey,"CREATE UNIQUE INDEX ""FoodPrice_pkey"" ON public.""FoodPrice"" USING btree (""Id"")"
public,FoodPrice,IX_FoodPrice_FoodItemId,"CREATE INDEX ""IX_FoodPrice_FoodItemId"" ON public.""FoodPrice"" USING btree (""FoodItemId"")"
public,FoodSearchFacet,FoodSearchFacet_pkey,"CREATE UNIQUE INDEX ""FoodSearchFacet_pkey"" ON public.""FoodSearchFacet"" USING btree (""Id"")"
public,FoodSearchFacet,ux_foodsearchfacet_code,"CREATE UNIQUE INDEX ux_foodsearchfacet_code ON public.""FoodSearchFacet"" USING btree (""Code"")"
public,FoodTag,FoodTag_pkey,"CREATE UNIQUE INDEX ""FoodTag_pkey"" ON public.""FoodTag"" USING btree (""Id"")"
public,FoodTag,ux_foodtag_code_active,"CREATE UNIQUE INDEX ux_foodtag_code_active ON public.""FoodTag"" USING btree (""Code"") WHERE (""IsDeleted"" = false)"
public,FoodTag,ux_foodtag_name_active,"CREATE UNIQUE INDEX ux_foodtag_name_active ON public.""FoodTag"" USING btree (""Name"") WHERE (""IsDeleted"" = false)"
public,Ingredient,Ingredient_pkey,"CREATE UNIQUE INDEX ""Ingredient_pkey"" ON public.""Ingredient"" USING btree (""Id"")"
public,Ingredient,idx_ingredient_normalized_name,"CREATE INDEX idx_ingredient_normalized_name ON public.""Ingredient"" USING btree (""NormalizedName"")"
public,Ingredient,ux_ingredient_code,"CREATE UNIQUE INDEX ux_ingredient_code ON public.""Ingredient"" USING btree (""Code"")"
public,LayoutBlocks,IX_LayoutBlocks_LayoutId,"CREATE INDEX ""IX_LayoutBlocks_LayoutId"" ON public.""LayoutBlocks"" USING btree (""LayoutId"")"
public,LayoutBlocks,IX_LayoutBlocks_ZoneId,"CREATE INDEX ""IX_LayoutBlocks_ZoneId"" ON public.""LayoutBlocks"" USING btree (""ZoneId"")"
public,LayoutBlocks,LayoutBlocks_pkey,"CREATE UNIQUE INDEX ""LayoutBlocks_pkey"" ON public.""LayoutBlocks"" USING btree (""Id"")"
public,LayoutEdges,IX_LayoutEdges_FromNodeId,"CREATE INDEX ""IX_LayoutEdges_FromNodeId"" ON public.""LayoutEdges"" USING btree (""FromNodeId"")"
public,LayoutEdges,IX_LayoutEdges_ToNodeId,"CREATE INDEX ""IX_LayoutEdges_ToNodeId"" ON public.""LayoutEdges"" USING btree (""ToNodeId"")"
public,LayoutEdges,LayoutEdges_pkey,"CREATE UNIQUE INDEX ""LayoutEdges_pkey"" ON public.""LayoutEdges"" USING btree (""Id"")"
public,LayoutEdges,ux_layoutedge_active,"CREATE UNIQUE INDEX ux_layoutedge_active ON public.""LayoutEdges"" USING btree (""LayoutId"", ""FromNodeId"", ""ToNodeId"") WHERE (""IsDeleted"" = false)"
public,LayoutNodes,IX_LayoutNodes_LayoutBlockId,"CREATE INDEX ""IX_LayoutNodes_LayoutBlockId"" ON public.""LayoutNodes"" USING btree (""LayoutBlockId"")"
public,LayoutNodes,IX_LayoutNodes_LayoutId,"CREATE INDEX ""IX_LayoutNodes_LayoutId"" ON public.""LayoutNodes"" USING btree (""LayoutId"")"
public,LayoutNodes,IX_LayoutNodes_ZoneId,"CREATE INDEX ""IX_LayoutNodes_ZoneId"" ON public.""LayoutNodes"" USING btree (""ZoneId"")"
public,LayoutNodes,LayoutNodes_pkey,"CREATE UNIQUE INDEX ""LayoutNodes_pkey"" ON public.""LayoutNodes"" USING btree (""Id"")"
public,LayoutNodes,ux_layoutnodes_active_layout_slotcode,"CREATE UNIQUE INDEX ux_layoutnodes_active_layout_slotcode ON public.""LayoutNodes"" USING btree (""LayoutId"", ""SlotCode"") WHERE ((""IsDeleted"" = false) AND (""SlotCode"" IS NOT NULL))"
public,MarketLayouts,MarketLayouts_pkey,"CREATE UNIQUE INDEX ""MarketLayouts_pkey"" ON public.""MarketLayouts"" USING btree (""Id"")"
public,MarketLayouts,ux_marketlayout_market_name_active,"CREATE UNIQUE INDEX ux_marketlayout_market_name_active ON public.""MarketLayouts"" USING btree (""NightMarketId"", ""LayoutName"") WHERE (""IsDeleted"" = false)"
public,MarketLayouts,ux_marketlayout_market_version_active,"CREATE UNIQUE INDEX ux_marketlayout_market_version_active ON public.""MarketLayouts"" USING btree (""NightMarketId"", ""Version"") WHERE (""IsDeleted"" = false)"
public,MarketLayouts,ux_marketlayout_one_active_per_market,"CREATE UNIQUE INDEX ux_marketlayout_one_active_per_market ON public.""MarketLayouts"" USING btree (""NightMarketId"") WHERE ((""IsDeleted"" = false) AND ((""Status"")::text = 'Active'::text))"
public,MarketSubscriptions,IX_MarketSubscriptions_MarketOwnerId,"CREATE INDEX ""IX_MarketSubscriptions_MarketOwnerId"" ON public.""MarketSubscriptions"" USING btree (""MarketOwnerId"")"
public,MarketSubscriptions,IX_MarketSubscriptions_MarketOwnerId_Active,"CREATE UNIQUE INDEX ""IX_MarketSubscriptions_MarketOwnerId_Active"" ON public.""MarketSubscriptions"" USING btree (""MarketOwnerId"") WHERE ((""Status"")::text = 'Active'::text)"
public,MarketSubscriptions,IX_MarketSubscriptions_MarketOwnerId_PendingPayment,"CREATE UNIQUE INDEX ""IX_MarketSubscriptions_MarketOwnerId_PendingPayment"" ON public.""MarketSubscriptions"" USING btree (""MarketOwnerId"") WHERE ((""Status"")::text = 'PendingPayment'::text)"
public,MarketSubscriptions,IX_MarketSubscriptions_PackageId,"CREATE INDEX ""IX_MarketSubscriptions_PackageId"" ON public.""MarketSubscriptions"" USING btree (""PackageId"")"
public,MarketSubscriptions,IX_MarketSubscriptions_PayOSOrderCode,"CREATE UNIQUE INDEX ""IX_MarketSubscriptions_PayOSOrderCode"" ON public.""MarketSubscriptions"" USING btree (""PayOSOrderCode"") WHERE (""PayOSOrderCode"" IS NOT NULL)"
public,MarketSubscriptions,MarketSubscriptions_pkey,"CREATE UNIQUE INDEX ""MarketSubscriptions_pkey"" ON public.""MarketSubscriptions"" USING btree (""Id"")"
public,Message,Message_pkey,"CREATE UNIQUE INDEX ""Message_pkey"" ON public.""Message"" USING btree (""Id"")"
public,Message,idx_message_conversation,"CREATE INDEX idx_message_conversation ON public.""Message"" USING btree (""ConversationId"", ""CreatedAt"", ""Id"")"
public,Message,ux_message_sender_client_message,"CREATE UNIQUE INDEX ux_message_sender_client_message ON public.""Message"" USING btree (""SenderId"", ""ClientMessageId"") WHERE (""ClientMessageId"" IS NOT NULL)"
public,ModerationActionHistory,ModerationActionHistory_pkey,"CREATE UNIQUE INDEX ""ModerationActionHistory_pkey"" ON public.""ModerationActionHistory"" USING btree (""Id"")"
public,ModerationActionHistory,idx_moderationhistory_booth,"CREATE INDEX idx_moderationhistory_booth ON public.""ModerationActionHistory"" USING btree (""BoothId"")"
public,ModerationActionHistory,idx_moderationhistory_created,"CREATE INDEX idx_moderationhistory_created ON public.""ModerationActionHistory"" USING btree (""CreatedAt"")"
public,ModerationActionHistory,idx_moderationhistory_nightmarket,"CREATE INDEX idx_moderationhistory_nightmarket ON public.""ModerationActionHistory"" USING btree (""NightMarketId"")"
public,NightMarket,IX_NightMarket_MarketOwnerId,"CREATE INDEX ""IX_NightMarket_MarketOwnerId"" ON public.""NightMarket"" USING btree (""MarketOwnerId"")"
public,NightMarket,NightMarket_pkey,"CREATE UNIQUE INDEX ""NightMarket_pkey"" ON public.""NightMarket"" USING btree (""Id"")"
public,NightMarket,idx_nightmarket_active_status_created,"CREATE INDEX idx_nightmarket_active_status_created ON public.""NightMarket"" USING btree (""IsDeleted"", ""Status"", ""CreatedAt"")"
public,NightMarket,idx_nightmarket_moderation_status,"CREATE INDEX idx_nightmarket_moderation_status ON public.""NightMarket"" USING btree (""ModerationStatus"")"
public,NightMarketImages,NightMarketImages_pkey,"CREATE UNIQUE INDEX ""NightMarketImages_pkey"" ON public.""NightMarketImages"" USING btree (""Id"")"
public,NightMarketImages,idx_nightmarketimage_market,"CREATE INDEX idx_nightmarketimage_market ON public.""NightMarketImages"" USING btree (""NightMarketId"")"
public,NightMarketImages,ux_nightmarketimage_one_cover,"CREATE UNIQUE INDEX ux_nightmarketimage_one_cover ON public.""NightMarketImages"" USING btree (""NightMarketId"") WHERE ((""IsCover"" = true) AND (""IsDeleted"" = false))"
public,Notification,IX_Notification_BoothId,"CREATE INDEX ""IX_Notification_BoothId"" ON public.""Notification"" USING btree (""BoothId"")"
public,Notification,Notification_pkey,"CREATE UNIQUE INDEX ""Notification_pkey"" ON public.""Notification"" USING btree (""Id"")"
public,Notification,idx_notification_batch_id,"CREATE INDEX idx_notification_batch_id ON public.""Notification"" USING btree (""BatchId"")"
public,Notification,idx_notification_created_by_created_at,"CREATE INDEX idx_notification_created_by_created_at ON public.""Notification"" USING btree (""CreatedByUserId"", ""CreatedAt"" DESC)"
public,Notification,idx_notification_user,"CREATE INDEX idx_notification_user ON public.""Notification"" USING btree (""UserId"", ""CreatedAt"" DESC)"
public,Notification,idx_notification_user_read,"CREATE INDEX idx_notification_user_read ON public.""Notification"" USING btree (""UserId"", ""IsRead"", ""CreatedAt"" DESC)"
public,Order,IX_Order_BoothId,"CREATE INDEX ""IX_Order_BoothId"" ON public.""Order"" USING btree (""BoothId"")"
public,Order,IX_Order_BoothOwnerId,"CREATE INDEX ""IX_Order_BoothOwnerId"" ON public.""Order"" USING btree (""BoothOwnerId"")"
public,Order,Order_OrderCode_key,"CREATE UNIQUE INDEX ""Order_OrderCode_key"" ON public.""Order"" USING btree (""OrderCode"")"
public,Order,Order_pkey,"CREATE UNIQUE INDEX ""Order_pkey"" ON public.""Order"" USING btree (""Id"")"
public,Order,idx_order_customer,"CREATE INDEX idx_order_customer ON public.""Order"" USING btree (""CustomerId"")"
public,Order,idx_order_customer_created,"CREATE INDEX idx_order_customer_created ON public.""Order"" USING btree (""CustomerId"", ""CreatedAt"" DESC)"
public,Order,idx_order_customer_status_created,"CREATE INDEX idx_order_customer_status_created ON public.""Order"" USING btree (""CustomerId"", ""Status"", ""CreatedAt"" DESC)"
public,Order,ux_order_customer_checkout_request,"CREATE UNIQUE INDEX ux_order_customer_checkout_request ON public.""Order"" USING btree (""CustomerId"", ""CheckoutRequestId"") WHERE (""CheckoutRequestId"" IS NOT NULL)"
public,Order,ux_order_customer_idempotency_key,"CREATE UNIQUE INDEX ux_order_customer_idempotency_key ON public.""Order"" USING btree (""CustomerId"", ""IdempotencyKey"") WHERE (""IdempotencyKey"" IS NOT NULL)"
public,OrderDetail,IX_OrderDetail_FoodItemId,"CREATE INDEX ""IX_OrderDetail_FoodItemId"" ON public.""OrderDetail"" USING btree (""FoodItemId"")"
public,OrderDetail,OrderDetail_pkey,"CREATE UNIQUE INDEX ""OrderDetail_pkey"" ON public.""OrderDetail"" USING btree (""Id"")"
public,OrderDetail,idx_orderdetail_order,"CREATE INDEX idx_orderdetail_order ON public.""OrderDetail"" USING btree (""OrderId"")"
public,Package,IX_Package_Code,"CREATE UNIQUE INDEX ""IX_Package_Code"" ON public.""Package"" USING btree (""Code"") WHERE (""Code"" IS NOT NULL)"
public,Package,Package_pkey,"CREATE UNIQUE INDEX ""Package_pkey"" ON public.""Package"" USING btree (""Id"")"
public,PackagePolicies,IX_PackagePolicies_PackageId_IsActive,"CREATE UNIQUE INDEX ""IX_PackagePolicies_PackageId_IsActive"" ON public.""PackagePolicies"" USING btree (""PackageId"", ""IsActive"") WHERE ((""IsActive"" = true) AND (""IsDeleted"" = false))"
public,PackagePolicies,IX_PackagePolicies_PackageId_Version,"CREATE UNIQUE INDEX ""IX_PackagePolicies_PackageId_Version"" ON public.""PackagePolicies"" USING btree (""PackageId"", ""Version"")"
public,PackagePolicies,PK_PackagePolicies,"CREATE UNIQUE INDEX ""PK_PackagePolicies"" ON public.""PackagePolicies"" USING btree (""Id"")"
public,PackagePrice,IX_PackagePrice_PackageId,"CREATE INDEX ""IX_PackagePrice_PackageId"" ON public.""PackagePrice"" USING btree (""PackageId"")"
public,PackagePrice,PackagePrice_pkey,"CREATE UNIQUE INDEX ""PackagePrice_pkey"" ON public.""PackagePrice"" USING btree (""Id"")"
public,PaymentAttempts,IX_PaymentAttempts_PaymentId_AttemptNumber,"CREATE UNIQUE INDEX ""IX_PaymentAttempts_PaymentId_AttemptNumber"" ON public.""PaymentAttempts"" USING btree (""PaymentId"", ""AttemptNumber"")"
public,PaymentAttempts,IX_PaymentAttempts_ProviderOrderCode,"CREATE UNIQUE INDEX ""IX_PaymentAttempts_ProviderOrderCode"" ON public.""PaymentAttempts"" USING btree (""ProviderOrderCode"")"
public,PaymentAttempts,PK_PaymentAttempts,"CREATE UNIQUE INDEX ""PK_PaymentAttempts"" ON public.""PaymentAttempts"" USING btree (""Id"")"
public,PaymentMethod,IX_PaymentMethod_UserId,"CREATE INDEX ""IX_PaymentMethod_UserId"" ON public.""PaymentMethod"" USING btree (""UserId"")"
public,PaymentMethod,PK_PaymentMethod,"CREATE UNIQUE INDEX ""PK_PaymentMethod"" ON public.""PaymentMethod"" USING btree (""Id"")"
public,PaymentWebhookEvents,IX_PaymentWebhookEvents_Provider_PayloadHash,"CREATE UNIQUE INDEX ""IX_PaymentWebhookEvents_Provider_PayloadHash"" ON public.""PaymentWebhookEvents"" USING btree (""Provider"", ""PayloadHash"")"
public,PaymentWebhookEvents,IX_PaymentWebhookEvents_Provider_ProviderEventKey,"CREATE UNIQUE INDEX ""IX_PaymentWebhookEvents_Provider_ProviderEventKey"" ON public.""PaymentWebhookEvents"" USING btree (""Provider"", ""ProviderEventKey"")"
public,PaymentWebhookEvents,PK_PaymentWebhookEvents,"CREATE UNIQUE INDEX ""PK_PaymentWebhookEvents"" ON public.""PaymentWebhookEvents"" USING btree (""Id"")"
public,Payments,IX_Payments_BoothOwnerId,"CREATE INDEX ""IX_Payments_BoothOwnerId"" ON public.""Payments"" USING btree (""BoothOwnerId"")"
public,Payments,Payments_pkey,"CREATE UNIQUE INDEX ""Payments_pkey"" ON public.""Payments"" USING btree (""Id"")"
public,Payments,idx_payments_order,"CREATE INDEX idx_payments_order ON public.""Payments"" USING btree (""OrderId"")"
public,Payments,idx_payments_payos_ordercode,"CREATE UNIQUE INDEX idx_payments_payos_ordercode ON public.""Payments"" USING btree (""PayOSOrderCode"") WHERE (""PayOSOrderCode"" IS NOT NULL)"
public,Payments,ux_payments_one_pending_payos_per_order,"CREATE UNIQUE INDEX ux_payments_one_pending_payos_per_order ON public.""Payments"" USING btree (""OrderId"") WHERE (((""Status"")::text = 'Pending'::text) AND ((""Gateway"")::text = 'Payos'::text))"
public,Payments,ux_payments_payout_id,"CREATE UNIQUE INDEX ux_payments_payout_id ON public.""Payments"" USING btree (""PayoutId"") WHERE (""PayoutId"" IS NOT NULL)"
public,Payments,ux_payments_refund_reference,"CREATE UNIQUE INDEX ux_payments_refund_reference ON public.""Payments"" USING btree (""RefundReference"") WHERE (""RefundReference"" IS NOT NULL)"
public,PreparationMethod,PreparationMethod_pkey,"CREATE UNIQUE INDEX ""PreparationMethod_pkey"" ON public.""PreparationMethod"" USING btree (""Id"")"
public,PreparationMethod,ux_preparationmethod_code,"CREATE UNIQUE INDEX ux_preparationmethod_code ON public.""PreparationMethod"" USING btree (""Code"")"
public,Promotion,Promotion_pkey,"CREATE UNIQUE INDEX ""Promotion_pkey"" ON public.""Promotion"" USING btree (""Id"")"
public,Promotion,idx_promotion_booth,"CREATE INDEX idx_promotion_booth ON public.""Promotion"" USING btree (""BoothId"")"
public,Promotion,ux_promotion_active_code,"CREATE UNIQUE INDEX ux_promotion_active_code ON public.""Promotion"" USING btree (""BoothId"", ""PromotionCode"") WHERE ((""PromotionCode"" IS NOT NULL) AND (""IsDeleted"" = false))"
public,PromotionCategory,PromotionCategory_pkey,"CREATE UNIQUE INDEX ""PromotionCategory_pkey"" ON public.""PromotionCategory"" USING btree (""PromotionId"", ""CategoryId"")"
public,PromotionCategory,idx_promotioncategory_category,"CREATE INDEX idx_promotioncategory_category ON public.""PromotionCategory"" USING btree (""CategoryId"")"
public,PromotionFoodItem,PromotionFoodItem_pkey,"CREATE UNIQUE INDEX ""PromotionFoodItem_pkey"" ON public.""PromotionFoodItem"" USING btree (""PromotionId"", ""FoodItemId"")"
public,PromotionFoodItem,idx_promotionfooditem_food,"CREATE INDEX idx_promotionfooditem_food ON public.""PromotionFoodItem"" USING btree (""FoodItemId"")"
public,PromotionUsages,IX_PromotionUsages_CustomerId,"CREATE INDEX ""IX_PromotionUsages_CustomerId"" ON public.""PromotionUsages"" USING btree (""CustomerId"")"
public,PromotionUsages,IX_PromotionUsages_OrderId,"CREATE INDEX ""IX_PromotionUsages_OrderId"" ON public.""PromotionUsages"" USING btree (""OrderId"")"
public,PromotionUsages,PromotionUsages_pkey,"CREATE UNIQUE INDEX ""PromotionUsages_pkey"" ON public.""PromotionUsages"" USING btree (""Id"")"
public,PromotionUsages,uq_promotionusage_order,"CREATE UNIQUE INDEX uq_promotionusage_order ON public.""PromotionUsages"" USING btree (""PromotionId"", ""OrderId"")"
public,ReviewReplies,IX_ReviewReplies_BoothOwnerId,"CREATE INDEX ""IX_ReviewReplies_BoothOwnerId"" ON public.""ReviewReplies"" USING btree (""BoothOwnerId"")"
public,ReviewReplies,ReviewReplies_ReviewId_key,"CREATE UNIQUE INDEX ""ReviewReplies_ReviewId_key"" ON public.""ReviewReplies"" USING btree (""ReviewId"")"
public,ReviewReplies,ReviewReplies_pkey,"CREATE UNIQUE INDEX ""ReviewReplies_pkey"" ON public.""ReviewReplies"" USING btree (""Id"")"
public,Reviews,Reviews_pkey,"CREATE UNIQUE INDEX ""Reviews_pkey"" ON public.""Reviews"" USING btree (""Id"")"
public,Reviews,idx_reviews_booth,"CREATE INDEX idx_reviews_booth ON public.""Reviews"" USING btree (""BoothId"")"
public,Reviews,idx_reviews_booth_visible_created,"CREATE INDEX idx_reviews_booth_visible_created ON public.""Reviews"" USING btree (""BoothId"", ""IsVisible"", ""CreatedAt"" DESC)"
public,Reviews,idx_reviews_customer_created,"CREATE INDEX idx_reviews_customer_created ON public.""Reviews"" USING btree (""CustomerId"", ""CreatedAt"" DESC)"
public,Reviews,uq_review_order,"CREATE UNIQUE INDEX uq_review_order ON public.""Reviews"" USING btree (""OrderId"")"
public,Role,Role_RoleName_key,"CREATE UNIQUE INDEX ""Role_RoleName_key"" ON public.""Role"" USING btree (""RoleName"")"
public,Role,Role_pkey,"CREATE UNIQUE INDEX ""Role_pkey"" ON public.""Role"" USING btree (""Id"")"
public,SupportAttachments,IX_SupportAttachments_MessageId,"CREATE INDEX ""IX_SupportAttachments_MessageId"" ON public.""SupportAttachments"" USING btree (""MessageId"")"
public,SupportAttachments,IX_SupportAttachments_TicketId,"CREATE INDEX ""IX_SupportAttachments_TicketId"" ON public.""SupportAttachments"" USING btree (""TicketId"")"
public,SupportAttachments,PK_SupportAttachments,"CREATE UNIQUE INDEX ""PK_SupportAttachments"" ON public.""SupportAttachments"" USING btree (""Id"")"
public,SupportMessages,IX_SupportMessages_TicketId,"CREATE INDEX ""IX_SupportMessages_TicketId"" ON public.""SupportMessages"" USING btree (""TicketId"")"
public,SupportMessages,PK_SupportMessages,"CREATE UNIQUE INDEX ""PK_SupportMessages"" ON public.""SupportMessages"" USING btree (""Id"")"
public,SupportStatusHistories,IX_SupportStatusHistories_TicketId,"CREATE INDEX ""IX_SupportStatusHistories_TicketId"" ON public.""SupportStatusHistories"" USING btree (""TicketId"")"
public,SupportStatusHistories,PK_SupportStatusHistories,"CREATE UNIQUE INDEX ""PK_SupportStatusHistories"" ON public.""SupportStatusHistories"" USING btree (""Id"")"
public,SupportTickets,IX_SupportTickets_RequesterId_CreatedAt,"CREATE INDEX ""IX_SupportTickets_RequesterId_CreatedAt"" ON public.""SupportTickets"" USING btree (""RequesterId"", ""CreatedAt"")"
public,SupportTickets,IX_SupportTickets_Status_DueAt,"CREATE INDEX ""IX_SupportTickets_Status_DueAt"" ON public.""SupportTickets"" USING btree (""Status"", ""DueAt"")"
public,SupportTickets,IX_SupportTickets_TicketCode,"CREATE UNIQUE INDEX ""IX_SupportTickets_TicketCode"" ON public.""SupportTickets"" USING btree (""TicketCode"")"
public,SupportTickets,PK_SupportTickets,"CREATE UNIQUE INDEX ""PK_SupportTickets"" ON public.""SupportTickets"" USING btree (""Id"")"
public,SystemSetting,IX_SystemSetting_Key,"CREATE UNIQUE INDEX ""IX_SystemSetting_Key"" ON public.""SystemSetting"" USING btree (""Key"")"
public,SystemSetting,PK_SystemSetting,"CREATE UNIQUE INDEX ""PK_SystemSetting"" ON public.""SystemSetting"" USING btree (""Id"")"
public,TasteProfile,TasteProfile_pkey,"CREATE UNIQUE INDEX ""TasteProfile_pkey"" ON public.""TasteProfile"" USING btree (""Id"")"
public,TasteProfile,ux_tasteprofile_code,"CREATE UNIQUE INDEX ux_tasteprofile_code ON public.""TasteProfile"" USING btree (""Code"")"
public,User,IX_User_GoogleId,"CREATE UNIQUE INDEX ""IX_User_GoogleId"" ON public.""User"" USING btree (""GoogleId"") WHERE (""GoogleId"" IS NOT NULL)"
public,User,IX_User_RefreshTokenHash,"CREATE UNIQUE INDEX ""IX_User_RefreshTokenHash"" ON public.""User"" USING btree (""RefreshTokenHash"") WHERE (""RefreshTokenHash"" IS NOT NULL)"
public,User,IX_User_RoleId,"CREATE INDEX ""IX_User_RoleId"" ON public.""User"" USING btree (""RoleId"")"
public,User,User_Email_key,"CREATE UNIQUE INDEX ""User_Email_key"" ON public.""User"" USING btree (""Email"")"
public,User,User_UserName_key,"CREATE UNIQUE INDEX ""User_UserName_key"" ON public.""User"" USING btree (""UserName"")"
public,User,User_pkey,"CREATE UNIQUE INDEX ""User_pkey"" ON public.""User"" USING btree (""Id"")"
public,UserDeviceToken,UserDeviceToken_Token_key,"CREATE UNIQUE INDEX ""UserDeviceToken_Token_key"" ON public.""UserDeviceToken"" USING btree (""Token"")"
public,UserDeviceToken,UserDeviceToken_pkey,"CREATE UNIQUE INDEX ""UserDeviceToken_pkey"" ON public.""UserDeviceToken"" USING btree (""Id"")"
public,UserDeviceToken,idx_device_token_user_active,"CREATE INDEX idx_device_token_user_active ON public.""UserDeviceToken"" USING btree (""UserId"", ""IsActive"")"
public,UserStatusHistories,IX_UserStatusHistories_ChangedByAdminId,"CREATE INDEX ""IX_UserStatusHistories_ChangedByAdminId"" ON public.""UserStatusHistories"" USING btree (""ChangedByAdminId"")"
public,UserStatusHistories,IX_UserStatusHistories_UserId_CreatedAt,"CREATE INDEX ""IX_UserStatusHistories_UserId_CreatedAt"" ON public.""UserStatusHistories"" USING btree (""UserId"", ""CreatedAt"")"
public,UserStatusHistories,PK_UserStatusHistories,"CREATE UNIQUE INDEX ""PK_UserStatusHistories"" ON public.""UserStatusHistories"" USING btree (""Id"")"
public,Zones,Zones_pkey,"CREATE UNIQUE INDEX ""Zones_pkey"" ON public.""Zones"" USING btree (""Id"")"
public,Zones,ux_zone_market_code_active,"CREATE UNIQUE INDEX ux_zone_market_code_active ON public.""Zones"" USING btree (""NightMarketId"", ""ZoneCode"") WHERE ((""ZoneCode"" IS NOT NULL) AND (""IsDeleted"" = false))"
public,Zones,ux_zone_market_name_active,"CREATE UNIQUE INDEX ux_zone_market_name_active ON public.""Zones"" USING btree (""NightMarketId"", ""ZoneName"") WHERE (""IsDeleted"" = false)"
public,__EFMigrationsHistory,PK___EFMigrationsHistory,"CREATE UNIQUE INDEX ""PK___EFMigrationsHistory"" ON public.""__EFMigrationsHistory"" USING btree (""MigrationId"")"
