table_schema,table_name,ordinal_position,column_name,data_type,udt_name,is_nullable,column_default,character_maximum_length,numeric_precision,numeric_scale
public,AIRecommendationLog,1,Id,uuid,uuid,NO,uuid_generate_v4(),,,
public,AIRecommendationLog,2,CustomerId,uuid,uuid,YES,,,,
public,AIRecommendationLog,3,NightMarketId,uuid,uuid,YES,,,,
public,AIRecommendationLog,4,RecommendationType,character varying,varchar,NO,,30,,
public,AIRecommendationLog,5,InputJson,jsonb,jsonb,NO,,,,
public,AIRecommendationLog,6,ParsedIntentJson,jsonb,jsonb,YES,,,,
public,AIRecommendationLog,7,ResultJson,jsonb,jsonb,NO,,,,
public,AIRecommendationLog,8,SelectedOptionId,character varying,varchar,YES,,100,,
public,AIRecommendationLog,9,CreatedAt,timestamp with time zone,timestamptz,NO,now(),,,
public,AIRecommendationLog,10,UpdatedAt,timestamp with time zone,timestamptz,NO,now(),,,
public,AiMealPlan,1,Id,uuid,uuid,NO,uuid_generate_v4(),,,
public,AiMealPlan,2,SessionId,uuid,uuid,NO,,,,
public,AiMealPlan,3,MarketId,uuid,uuid,NO,,,,
public,AiMealPlan,4,PlanCode,character varying,varchar,NO,,50,,
public,AiMealPlan,5,PlanTitle,character varying,varchar,NO,,200,,
public,AiMealPlan,6,Strategy,character varying,varchar,NO,,100,,
public,AiMealPlan,7,TotalPrice,numeric,numeric,NO,,,12,2
public,AiMealPlan,8,RemainingBudget,numeric,numeric,NO,,,12,2
public,AiMealPlan,9,DistanceMeters,integer,int4,YES,,,32,0
public,AiMealPlan,10,EstimatedTravelMinutes,integer,int4,YES,,,32,0
public,AiMealPlan,11,EstimatedServingCount,integer,int4,YES,,,32,0
public,AiMealPlan,12,CompatibilityScore,numeric,numeric,NO,,,5,2
public,AiMealPlan,13,IsComplete,boolean,bool,NO,,,,
public,AiMealPlan,14,Version,integer,int4,NO,,,32,0
public,AiMealPlan,15,Status,character varying,varchar,NO,,20,,
public,AiMealPlan,16,CreatedAt,timestamp with time zone,timestamptz,NO,now(),,,
public,AiMealPlan,17,UpdatedAt,timestamp with time zone,timestamptz,NO,now(),,,
public,AiMealPlan,18,Summary,character varying,varchar,YES,,1000,,
public,AiMealPlan,19,WarningsJson,jsonb,jsonb,YES,,,,
public,AiMealPlanCartOperation,1,Id,uuid,uuid,NO,uuid_generate_v4(),,,
public,AiMealPlanCartOperation,2,CustomerId,uuid,uuid,NO,,,,
public,AiMealPlanCartOperation,3,PlanId,uuid,uuid,NO,,,,
public,AiMealPlanCartOperation,4,PlanVersion,integer,int4,NO,,,32,0
public,AiMealPlanCartOperation,5,IdempotencyKey,character varying,varchar,NO,,100,,
public,AiMealPlanCartOperation,6,RequestHash,character varying,varchar,NO,,64,,
public,AiMealPlanCartOperation,7,ResponseJson,jsonb,jsonb,NO,,,,
public,AiMealPlanCartOperation,8,CreatedAt,timestamp with time zone,timestamptz,NO,now(),,,
public,AiMealPlanItem,1,Id,uuid,uuid,NO,uuid_generate_v4(),,,
public,AiMealPlanItem,2,PlanId,uuid,uuid,NO,,,,
public,AiMealPlanItem,3,FoodItemId,uuid,uuid,YES,,,,
public,AiMealPlanItem,4,BoothId,uuid,uuid,YES,,,,
public,AiMealPlanItem,5,FoodNameSnapshot,character varying,varchar,NO,,200,,
public,AiMealPlanItem,6,BoothNameSnapshot,character varying,varchar,NO,,200,,
public,AiMealPlanItem,7,Course,character varying,varchar,NO,,30,,
public,AiMealPlanItem,8,Quantity,integer,int4,NO,,,32,0
public,AiMealPlanItem,9,UnitPriceSnapshot,numeric,numeric,NO,,,12,2
public,AiMealPlanItem,10,TotalPriceSnapshot,numeric,numeric,NO,,,12,2
public,AiMealPlanItem,11,ServingCountSnapshot,integer,int4,YES,,,32,0
public,AiMealPlanItem,12,CompatibilityScore,numeric,numeric,NO,,,5,2
public,AiMealPlanItem,13,Reason,character varying,varchar,NO,,1000,,
public,AiMealPlanItem,14,SortOrder,integer,int4,NO,,,32,0
public,AiMealPlanItem,15,IsRemoved,boolean,bool,NO,,,,
public,AiMealPlanItem,16,CreatedAt,timestamp with time zone,timestamptz,NO,now(),,,
public,AiMealPlanItem,17,UpdatedAt,timestamp with time zone,timestamptz,NO,now(),,,
public,AiMealPlanItem,18,ImageUrlSnapshot,character varying,varchar,YES,,2000,,
public,AiMealPlanItem,19,RatingSnapshot,numeric,numeric,YES,,,3,2
public,AiMealPlanItem,20,ReviewCountSnapshot,integer,int4,NO,0,,32,0
public,AiMealPlanSession,1,Id,uuid,uuid,NO,uuid_generate_v4(),,,
public,AiMealPlanSession,2,CustomerId,uuid,uuid,YES,,,,
public,AiMealPlanSession,3,PartySize,integer,int4,NO,,,32,0
public,AiMealPlanSession,4,Budget,numeric,numeric,NO,,,12,2
public,AiMealPlanSession,5,DiningStyle,character varying,varchar,NO,,100,,
public,AiMealPlanSession,6,OriginalRequest,character varying,varchar,YES,,4000,,
public,AiMealPlanSession,7,ParsedPreferenceJson,jsonb,jsonb,YES,,,,
public,AiMealPlanSession,8,Latitude,numeric,numeric,YES,,,10,7
public,AiMealPlanSession,9,Longitude,numeric,numeric,YES,,,10,7
public,AiMealPlanSession,10,MaxDistanceMeters,integer,int4,YES,,,32,0
public,AiMealPlanSession,11,Status,character varying,varchar,NO,,20,,
public,AiMealPlanSession,12,CreatedAt,timestamp with time zone,timestamptz,NO,now(),,,
public,AiMealPlanSession,13,ExpiresAt,timestamp with time zone,timestamptz,NO,,,,
public,AiMealPlanSession,14,IdempotencyKey,character varying,varchar,YES,,100,,
public,AiMealPlanSession,15,RequestHash,character varying,varchar,YES,,64,,
public,AiMealPlanSession,16,UsedProviderFallback,boolean,bool,NO,false,,,
public,AiMealPlanSession,17,WarningsJson,jsonb,jsonb,YES,,,,
public,AiRecommendationFeedback,1,Id,uuid,uuid,NO,uuid_generate_v4(),,,
public,AiRecommendationFeedback,2,SessionId,uuid,uuid,NO,,,,
public,AiRecommendationFeedback,3,FoodItemId,uuid,uuid,YES,,,,
public,AiRecommendationFeedback,4,Action,character varying,varchar,NO,,30,,
public,AiRecommendationFeedback,5,CreatedAt,timestamp with time zone,timestamptz,NO,now(),,,
public,AiRecommendationResult,1,SessionId,uuid,uuid,NO,,,,
public,AiRecommendationResult,2,FoodItemId,uuid,uuid,NO,,,,
public,AiRecommendationResult,3,Rank,integer,int4,NO,,,32,0
public,AiRecommendationResult,4,Score,numeric,numeric,NO,,,5,2
public,AiRecommendationResult,5,MatchTier,character varying,varchar,NO,,20,,
public,AiRecommendationResult,6,CreatedAt,timestamp with time zone,timestamptz,NO,now(),,,
public,AiRecommendationSession,1,Id,uuid,uuid,NO,uuid_generate_v4(),,,
public,AiRecommendationSession,2,CustomerId,uuid,uuid,YES,,,,
public,AiRecommendationSession,3,OriginalQuery,character varying,varchar,NO,,4000,,
public,AiRecommendationSession,4,ParsedPreferenceJson,jsonb,jsonb,YES,,,,
public,AiRecommendationSession,5,Latitude,numeric,numeric,YES,,,10,7
public,AiRecommendationSession,6,Longitude,numeric,numeric,YES,,,10,7
public,AiRecommendationSession,7,MaxDistanceMeters,integer,int4,YES,,,32,0
public,AiRecommendationSession,8,Status,character varying,varchar,NO,,20,,
public,AiRecommendationSession,9,ProviderName,character varying,varchar,YES,,100,,
public,AiRecommendationSession,10,UsedFallback,boolean,bool,NO,,,,
public,AiRecommendationSession,11,CreatedAt,timestamp with time zone,timestamptz,NO,now(),,,
public,AiRecommendationSession,12,ExpiresAt,timestamp with time zone,timestamptz,NO,,,,
public,AiRecommendationSession,13,ProviderFailureCategory,character varying,varchar,YES,,50,,
public,AiRecommendationSession,14,ProviderModelName,character varying,varchar,YES,,100,,
public,AiRecommendationSession,15,ProviderRequestId,character varying,varchar,YES,,200,,
public,Allergen,1,Id,uuid,uuid,NO,uuid_generate_v4(),,,
public,Allergen,2,Code,character varying,varchar,NO,,100,,
public,Allergen,3,Name,character varying,varchar,NO,,200,,
public,Allergen,4,IsSystem,boolean,bool,NO,false,,,
public,Allergen,5,IsActive,boolean,bool,NO,true,,,
public,Allergen,6,DisplayOrder,integer,int4,NO,0,,32,0
public,Allergen,7,CreatedAt,timestamp with time zone,timestamptz,NO,now(),,,
public,Allergen,8,UpdatedAt,timestamp with time zone,timestamptz,NO,now(),,,
public,Booth,1,Id,uuid,uuid,NO,uuid_generate_v4(),,,
public,Booth,2,RegistrationId,uuid,uuid,YES,,,,
public,Booth,3,NightMarketId,uuid,uuid,NO,,,,
public,Booth,4,BoothOwnerId,uuid,uuid,NO,,,,
public,Booth,5,ZoneId,uuid,uuid,YES,,,,
public,Booth,6,BoothName,character varying,varchar,NO,,200,,
public,Booth,7,BoothCode,character varying,varchar,YES,,50,,
public,Booth,8,Description,text,text,YES,,,,
public,Booth,9,PhoneNumber,character varying,varchar,YES,,20,,
public,Booth,10,SlotNumber,text,text,YES,,,,
public,Booth,11,ThumbnailUrl,character varying,varchar,YES,,500,,
public,Booth,12,MapPositionX,numeric,numeric,YES,,,10,2
public,Booth,13,MapPositionY,numeric,numeric,YES,,,10,2
public,Booth,14,Latitude,numeric,numeric,YES,,,10,7
public,Booth,15,Longitude,numeric,numeric,YES,,,10,7
public,Booth,16,OpenTime,time without time zone,time,YES,,,,
public,Booth,17,CloseTime,time without time zone,time,YES,,,,
public,Booth,18,AverageRating,numeric,numeric,YES,0,,3,2
public,Booth,19,IsFeatured,boolean,bool,NO,false,,,
public,Booth,20,PackageName,character varying,varchar,YES,,100,,
public,Booth,21,PackageExpiryDate,timestamp with time zone,timestamptz,YES,,,,
public,Booth,22,PaymentQRImage,text,text,YES,,,,
public,Booth,23,Status,character varying,varchar,NO,,20,,
public,Booth,24,CreatedAt,timestamp with time zone,timestamptz,NO,now(),,,
public,Booth,25,UpdatedAt,timestamp with time zone,timestamptz,NO,now(),,,
public,Booth,26,LogoUrl,character varying,varchar,YES,,500,,
public,BoothDocuments,1,Id,uuid,uuid,NO,uuid_generate_v4(),,,
public,BoothDocuments,2,RegistrationId,uuid,uuid,YES,,,,
public,BoothDocuments,3,DocumentType,text,text,NO,,,,
public,BoothDocuments,4,DocumentUrl,text,text,NO,,,,
public,BoothDocuments,5,FileUrl,character varying,varchar,NO,,500,,
public,BoothDocuments,6,VerificationStatus,character varying,varchar,NO,'PendingReview'::character varying,20,,
public,BoothDocuments,7,CreatedAt,timestamp with time zone,timestamptz,NO,now(),,,
public,BoothDocuments,8,UpdatedAt,timestamp with time zone,timestamptz,NO,now(),,,
public,BoothDocuments,9,BoothId,uuid,uuid,YES,,,,
public,BoothImages,1,Id,uuid,uuid,NO,uuid_generate_v4(),,,
public,BoothImages,2,BoothId,uuid,uuid,NO,,,,
public,BoothImages,3,ImageUrl,character varying,varchar,NO,,500,,
public,BoothImages,4,DisplayOrder,integer,int4,NO,0,,32,0
public,BoothImages,5,CreatedAt,timestamp with time zone,timestamptz,NO,now(),,,
public,BoothImages,6,UpdatedAt,timestamp with time zone,timestamptz,NO,now(),,,
public,BoothLocations,1,Id,uuid,uuid,NO,uuid_generate_v4(),,,
public,BoothLocations,2,BoothId,uuid,uuid,NO,,,,
public,BoothLocations,3,LayoutId,uuid,uuid,NO,,,,
public,BoothLocations,4,XCoordinate,numeric,numeric,NO,,,10,2
public,BoothLocations,5,YCoordinate,numeric,numeric,NO,,,10,2
public,BoothLocations,6,CreatedAt,timestamp with time zone,timestamptz,NO,now(),,,
public,BoothLocations,7,UpdatedAt,timestamp with time zone,timestamptz,NO,now(),,,
public,BoothLocations,8,IsDeleted,boolean,bool,NO,false,,,
public,BoothLocations,9,LayoutNodeId,uuid,uuid,NO,,,,
public,BoothLocations,10,ReleasedAt,timestamp with time zone,timestamptz,YES,,,,
public,BoothLocations,11,SlotNumber,character varying,varchar,YES,,50,,
public,BoothLocations,12,ZoneId,uuid,uuid,YES,,,,
public,BoothPaymentInfos,1,Id,uuid,uuid,NO,uuid_generate_v4(),,,
public,BoothPaymentInfos,2,BoothId,uuid,uuid,NO,,,,
public,BoothPaymentInfos,3,PaymentType,integer,int4,NO,,,32,0
public,BoothPaymentInfos,4,BankName,character varying,varchar,YES,,100,,
public,BoothPaymentInfos,5,BankAccountNumber,character varying,varchar,YES,,50,,
public,BoothPaymentInfos,6,BankAccountHolder,character varying,varchar,YES,,150,,
public,BoothPaymentInfos,7,QRImageUrl,character varying,varchar,YES,,500,,
public,BoothPaymentInfos,8,IsDefault,boolean,bool,NO,false,,,
public,BoothPaymentInfos,9,Status,character varying,varchar,NO,'Draft'::character varying,20,,
public,BoothPaymentInfos,10,CreatedAt,timestamp with time zone,timestamptz,NO,now(),,,
public,BoothPaymentInfos,11,UpdatedAt,timestamp with time zone,timestamptz,NO,now(),,,
public,BoothRegistrations,1,Id,uuid,uuid,NO,,,,
public,BoothRegistrations,2,OwnerId,uuid,uuid,NO,,,,
public,BoothRegistrations,3,RequestedNightMarketId,uuid,uuid,NO,,,,
public,BoothRegistrations,4,PreferredZoneId,uuid,uuid,YES,,,,
public,BoothRegistrations,5,PreferredLayoutNodeId,uuid,uuid,YES,,,,
public,BoothRegistrations,6,BoothName,text,text,NO,,,,
public,BoothRegistrations,7,Description,text,text,YES,,,,
public,BoothRegistrations,8,Phone,text,text,YES,,,,
public,BoothRegistrations,9,Status,integer,int4,NO,,,32,0
public,BoothRegistrations,10,RejectReason,text,text,YES,,,,
public,BoothRegistrations,11,CreatedAt,timestamp with time zone,timestamptz,NO,,,,
public,BoothRegistrations,12,UpdatedAt,timestamp with time zone,timestamptz,NO,,,,
public,BoothRegistrations,13,BoothId,uuid,uuid,YES,,,,
public,BoothSubscriptions,1,Id,uuid,uuid,NO,uuid_generate_v4(),,,
public,BoothSubscriptions,2,BoothId,uuid,uuid,NO,,,,
public,BoothSubscriptions,3,PackageId,uuid,uuid,NO,,,,
public,BoothSubscriptions,4,StartDate,timestamp with time zone,timestamptz,NO,,,,
public,BoothSubscriptions,5,EndDate,timestamp with time zone,timestamptz,NO,,,,
public,BoothSubscriptions,6,Status,character varying,varchar,NO,'Active'::character varying,20,,
public,BoothSubscriptions,7,CreatedAt,timestamp with time zone,timestamptz,NO,now(),,,
public,BoothSubscriptions,8,UpdatedAt,timestamp with time zone,timestamptz,NO,now(),,,
public,BoothSubscriptions,9,AdminNotes,text,text,YES,,,,
public,BoothSubscriptions,10,PaymentEvidenceUrl,text,text,YES,,,,
public,BoothSubscriptions,11,PaidAmount,numeric,numeric,NO,0.0,,18,2
public,BoothSubscriptions,12,PaidAt,timestamp with time zone,timestamptz,YES,,,,
public,BoothSubscriptions,13,PayOSOrderCode,bigint,int8,YES,,,64,0
public,BoothSubscriptions,14,PayOSPaymentLinkId,character varying,varchar,YES,,100,,
public,BoothSubscriptions,15,PaymentExpiresAt,timestamp with time zone,timestamptz,YES,,,,
public,BoothSubscriptions,16,ChangeType,text,text,YES,,,,
public,BoothSubscriptions,17,CreditAmount,numeric,numeric,NO,0.0,,,
public,BoothSubscriptions,18,PausedAt,timestamp with time zone,timestamptz,YES,,,,
public,BoothSubscriptions,19,PausedRemainingDays,integer,int4,YES,,,32,0
public,BoothSubscriptions,20,PolicyAcceptedAt,timestamp with time zone,timestamptz,YES,,,,
public,BoothSubscriptions,21,PolicySnapshotJson,text,text,YES,,,,
public,BoothSubscriptions,22,PolicyVersion,text,text,YES,,,,
public,BoothSubscriptions,23,PreviousSubscriptionId,uuid,uuid,YES,,,,
public,BoothSubscriptions,24,BuyerName,text,text,YES,,,,
public,BoothSubscriptions,25,BuyerEmail,text,text,YES,,,,
public,BoothSubscriptions,26,BuyerPhone,text,text,YES,,,,
public,Cart,1,Id,uuid,uuid,NO,uuid_generate_v4(),,,
public,Cart,2,CustomerId,uuid,uuid,NO,,,,
public,Cart,3,IsDeleted,boolean,bool,NO,false,,,
public,Cart,4,CreatedAt,timestamp with time zone,timestamptz,NO,now(),,,
public,Cart,5,UpdatedAt,timestamp with time zone,timestamptz,NO,now(),,,
public,CartItem,1,Id,uuid,uuid,NO,uuid_generate_v4(),,,
public,CartItem,2,CartId,uuid,uuid,NO,,,,
public,CartItem,3,FoodItemId,uuid,uuid,NO,,,,
public,CartItem,4,Quantity,integer,int4,NO,,,32,0
public,CartItem,5,IsDeleted,boolean,bool,NO,false,,,
public,CartItem,6,CreatedAt,timestamp with time zone,timestamptz,NO,now(),,,
public,CartItem,7,UpdatedAt,timestamp with time zone,timestamptz,NO,now(),,,
public,ComplaintImages,1,Id,uuid,uuid,NO,uuid_generate_v4(),,,
public,ComplaintImages,2,ComplaintId,uuid,uuid,NO,,,,
public,ComplaintImages,3,ImageUrl,character varying,varchar,NO,,500,,
public,ComplaintImages,4,CreatedAt,timestamp with time zone,timestamptz,NO,now(),,,
public,ComplaintImages,5,UpdatedAt,timestamp with time zone,timestamptz,NO,now(),,,
public,Complaints,1,Id,uuid,uuid,NO,uuid_generate_v4(),,,
public,Complaints,2,CustomerId,uuid,uuid,NO,,,,
public,Complaints,3,BoothId,uuid,uuid,NO,,,,
public,Complaints,4,OrderId,uuid,uuid,NO,,,,
public,Complaints,5,Title,character varying,varchar,NO,,200,,
public,Complaints,6,Description,text,text,NO,,,,
public,Complaints,7,AdminResponse,text,text,YES,,,,
public,Complaints,8,Status,character varying,varchar,NO,'Pending'::character varying,20,,
public,Complaints,9,ResolutionAction,character varying,varchar,YES,,30,,
public,Complaints,10,PolicyViolation,character varying,varchar,YES,,500,,
public,Complaints,11,CreatedAt,timestamp with time zone,timestamptz,NO,now(),,,
public,Complaints,12,UpdatedAt,timestamp with time zone,timestamptz,NO,now(),,,
public,Conversations,1,Id,uuid,uuid,NO,uuid_generate_v4(),,,
public,Conversations,2,CustomerId,uuid,uuid,NO,,,,
public,Conversations,4,Status,character varying,varchar,NO,'Active'::character varying,20,,
public,Conversations,5,CreatedAt,timestamp with time zone,timestamptz,NO,now(),,,
public,Conversations,6,UpdatedAt,timestamp with time zone,timestamptz,NO,now(),,,
public,Conversations,7,BoothOwnerLastReadAt,timestamp with time zone,timestamptz,YES,,,,
public,Conversations,8,CustomerLastReadAt,timestamp with time zone,timestamptz,YES,,,,
public,Conversations,9,LastMessageAt,timestamp with time zone,timestamptz,YES,,,,
public,Conversations,10,LastMessageId,uuid,uuid,YES,,,,
public,Conversations,11,BoothId,uuid,uuid,NO,,,,
public,CustomerAllergenExclusion,1,CustomerId,uuid,uuid,NO,,,,
public,CustomerAllergenExclusion,2,AllergenId,uuid,uuid,NO,,,,
public,CustomerAllergenExclusion,3,CreatedAt,timestamp with time zone,timestamptz,NO,now(),,,
public,CustomerAvoidedIngredient,1,CustomerId,uuid,uuid,NO,,,,
public,CustomerAvoidedIngredient,2,IngredientId,uuid,uuid,NO,,,,
public,CustomerAvoidedIngredient,3,CreatedAt,timestamp with time zone,timestamptz,NO,now(),,,
public,CustomerAvoidedTasteProfile,1,CustomerId,uuid,uuid,NO,,,,
public,CustomerAvoidedTasteProfile,2,TasteProfileId,uuid,uuid,NO,,,,
public,CustomerAvoidedTasteProfile,3,CreatedAt,timestamp with time zone,timestamptz,NO,now(),,,
public,CustomerDietaryRequirement,1,CustomerId,uuid,uuid,NO,,,,
public,CustomerDietaryRequirement,2,DietaryAttributeId,uuid,uuid,NO,,,,
public,CustomerDietaryRequirement,3,CreatedAt,timestamp with time zone,timestamptz,NO,now(),,,
public,CustomerFoodProfile,1,CustomerId,uuid,uuid,NO,,,,
public,CustomerFoodProfile,2,PreferredSpiceLevel,character varying,varchar,YES,,20,,
public,CustomerFoodProfile,3,PreferredPriceMin,numeric,numeric,YES,,,12,2
public,CustomerFoodProfile,4,PreferredPriceMax,numeric,numeric,YES,,,12,2
public,CustomerFoodProfile,5,DefaultMaxDistanceMeters,integer,int4,YES,,,32,0
public,CustomerFoodProfile,6,CreatedAt,timestamp with time zone,timestamptz,NO,now(),,,
public,CustomerFoodProfile,7,UpdatedAt,timestamp with time zone,timestamptz,NO,now(),,,
public,CustomerPreference,1,Id,uuid,uuid,NO,uuid_generate_v4(),,,
public,CustomerPreference,2,CustomerId,uuid,uuid,NO,,,,
public,CustomerPreference,3,FoodTagId,uuid,uuid,NO,,,,
public,CustomerPreference,4,PreferenceKind,character varying,varchar,NO,,20,,
public,CustomerPreference,5,PreferenceSource,character varying,varchar,NO,,30,,
public,CustomerPreference,6,CreatedAt,timestamp with time zone,timestamptz,NO,now(),,,
public,CustomerPreference,7,UpdatedAt,timestamp with time zone,timestamptz,NO,now(),,,
public,CustomerPreferredCourse,1,CustomerId,uuid,uuid,NO,,,,
public,CustomerPreferredCourse,2,Course,character varying,varchar,NO,,30,,
public,CustomerPreferredCourse,3,CreatedAt,timestamp with time zone,timestamptz,NO,now(),,,
public,CustomerPreferredDiningPurpose,1,CustomerId,uuid,uuid,NO,,,,
public,CustomerPreferredDiningPurpose,2,Purpose,character varying,varchar,NO,,30,,
public,CustomerPreferredDiningPurpose,3,CreatedAt,timestamp with time zone,timestamptz,NO,now(),,,
public,CustomerPreferredIngredient,1,CustomerId,uuid,uuid,NO,,,,
public,CustomerPreferredIngredient,2,IngredientId,uuid,uuid,NO,,,,
public,CustomerPreferredIngredient,3,CreatedAt,timestamp with time zone,timestamptz,NO,now(),,,
public,CustomerPreferredPreparationMethod,1,CustomerId,uuid,uuid,NO,,,,
public,CustomerPreferredPreparationMethod,2,PreparationMethodId,uuid,uuid,NO,,,,
public,CustomerPreferredPreparationMethod,3,CreatedAt,timestamp with time zone,timestamptz,NO,now(),,,
public,CustomerPreferredTasteProfile,1,CustomerId,uuid,uuid,NO,,,,
public,CustomerPreferredTasteProfile,2,TasteProfileId,uuid,uuid,NO,,,,
public,CustomerPreferredTasteProfile,3,CreatedAt,timestamp with time zone,timestamptz,NO,now(),,,
public,DietaryAttribute,1,Id,uuid,uuid,NO,uuid_generate_v4(),,,
public,DietaryAttribute,2,Code,character varying,varchar,NO,,100,,
public,DietaryAttribute,3,Name,character varying,varchar,NO,,200,,
public,DietaryAttribute,4,IsSystem,boolean,bool,NO,false,,,
public,DietaryAttribute,5,IsActive,boolean,bool,NO,true,,,
public,DietaryAttribute,6,DisplayOrder,integer,int4,NO,0,,32,0
public,DietaryAttribute,7,CreatedAt,timestamp with time zone,timestamptz,NO,now(),,,
public,DietaryAttribute,8,UpdatedAt,timestamp with time zone,timestamptz,NO,now(),,,
public,EmailOutbox,1,Id,uuid,uuid,NO,,,,
public,EmailOutbox,2,RecipientEmail,text,text,NO,,,,
public,EmailOutbox,3,Subject,text,text,NO,,,,
public,EmailOutbox,4,HtmlBody,text,text,NO,,,,
public,EmailOutbox,5,EmailType,text,text,NO,,,,
public,EmailOutbox,6,ReferenceId,uuid,uuid,NO,,,,
public,EmailOutbox,7,Status,text,text,NO,,,,
public,EmailOutbox,8,RetryCount,integer,int4,NO,,,32,0
public,EmailOutbox,9,LastError,text,text,YES,,,,
public,EmailOutbox,10,NextRetryAt,timestamp with time zone,timestamptz,YES,,,,
public,EmailOutbox,11,SentAt,timestamp with time zone,timestamptz,YES,,,,
public,EmailOutbox,12,CreatedAt,timestamp with time zone,timestamptz,NO,,,,
public,EmailOutbox,13,UpdatedAt,timestamp with time zone,timestamptz,NO,,,,
public,FoodAiProfile,1,FoodItemId,uuid,uuid,NO,,,,
public,FoodAiProfile,2,SearchText,text,text,NO,,,,
public,FoodAiProfile,3,Embedding,ARRAY,_float4,YES,,,,
public,FoodAiProfile,4,EmbeddingModel,character varying,varchar,YES,,100,,
public,FoodAiProfile,5,ContentHash,character varying,varchar,NO,,64,,
public,FoodAiProfile,6,Status,character varying,varchar,NO,,20,,
public,FoodAiProfile,7,Version,integer,int4,NO,,,32,0
public,FoodAiProfile,8,EmbeddedAt,timestamp with time zone,timestamptz,YES,,,,
public,FoodAiProfile,9,LastAttemptAt,timestamp with time zone,timestamptz,YES,,,,
public,FoodAiProfile,10,LastError,character varying,varchar,YES,,2000,,
public,FoodAiProfile,11,CreatedAt,timestamp with time zone,timestamptz,NO,now(),,,
public,FoodAiProfile,12,UpdatedAt,timestamp with time zone,timestamptz,NO,now(),,,
public,FoodCategories,1,Id,uuid,uuid,NO,uuid_generate_v4(),,,
public,FoodCategories,2,BoothId,uuid,uuid,YES,,,,
public,FoodCategories,3,Name,character varying,varchar,NO,,100,,
public,FoodCategories,4,Description,text,text,YES,,,,
public,FoodCategories,5,IsDeleted,boolean,bool,NO,false,,,
public,FoodCategories,6,CreatedAt,timestamp with time zone,timestamptz,NO,now(),,,
public,FoodCategories,7,UpdatedAt,timestamp with time zone,timestamptz,NO,now(),,,
public,FoodCategories,8,Code,character varying,varchar,NO,,100,,
public,FoodCategories,9,DisplayOrder,integer,int4,NO,0,,32,0
public,FoodCategories,10,IsActive,boolean,bool,NO,true,,,
public,FoodCategories,11,IsSelectable,boolean,bool,NO,true,,,
public,FoodCategories,12,IsSystem,boolean,bool,NO,false,,,
public,FoodImages,1,Id,uuid,uuid,NO,uuid_generate_v4(),,,
public,FoodImages,2,FoodItemId,uuid,uuid,NO,,,,
public,FoodImages,3,ImageUrl,character varying,varchar,NO,,500,,
public,FoodImages,4,DisplayOrder,integer,int4,NO,0,,32,0
public,FoodImages,5,CreatedAt,timestamp with time zone,timestamptz,NO,now(),,,
public,FoodImages,6,UpdatedAt,timestamp with time zone,timestamptz,NO,now(),,,
public,FoodItem,1,Id,uuid,uuid,NO,uuid_generate_v4(),,,
public,FoodItem,2,BoothId,uuid,uuid,NO,,,,
public,FoodItem,3,CategoryId,uuid,uuid,NO,,,,
public,FoodItem,4,Name,character varying,varchar,NO,,200,,
public,FoodItem,5,Description,text,text,YES,,,,
public,FoodItem,6,Price,numeric,numeric,NO,,,12,2
public,FoodItem,7,ThumbnailUrl,character varying,varchar,YES,,500,,
public,FoodItem,8,IsAvailable,boolean,bool,NO,true,,,
public,FoodItem,9,IsFeatured,boolean,bool,NO,false,,,
public,FoodItem,10,IsDeleted,boolean,bool,NO,false,,,
public,FoodItem,11,CreatedAt,timestamp with time zone,timestamptz,NO,now(),,,
public,FoodItem,12,UpdatedAt,timestamp with time zone,timestamptz,NO,now(),,,
public,FoodItem,13,EstimatedServingCount,integer,int4,YES,,,32,0
public,FoodItem,14,IsShareable,boolean,bool,YES,,,,
public,FoodItem,15,SemanticProfileUpdatedAt,timestamp with time zone,timestamptz,YES,,,,
public,FoodItem,16,SemanticProfileVersion,integer,int4,NO,0,,32,0
public,FoodItem,17,ServingSizeDescription,character varying,varchar,YES,,300,,
public,FoodItem,18,ServingTemperature,character varying,varchar,YES,,20,,
public,FoodItem,19,SpiceLevel,character varying,varchar,NO,'UNKNOWN'::character varying,20,,
public,FoodItemAllergen,1,FoodItemId,uuid,uuid,NO,,,,
public,FoodItemAllergen,2,AllergenId,uuid,uuid,NO,,,,
public,FoodItemAllergen,3,DeclarationType,character varying,varchar,NO,,20,,
public,FoodItemAllergen,4,IsConfirmed,boolean,bool,NO,,,,
public,FoodItemAllergen,5,Source,character varying,varchar,NO,,30,,
public,FoodItemAllergen,6,CreatedAt,timestamp with time zone,timestamptz,NO,now(),,,
public,FoodItemAllergen,7,UpdatedAt,timestamp with time zone,timestamptz,NO,now(),,,
public,FoodItemCourse,1,FoodItemId,uuid,uuid,NO,,,,
public,FoodItemCourse,2,Course,character varying,varchar,NO,,30,,
public,FoodItemCourse,3,IsPrimary,boolean,bool,NO,,,,
public,FoodItemCourse,4,CreatedAt,timestamp with time zone,timestamptz,NO,now(),,,
public,FoodItemDietaryAttribute,1,FoodItemId,uuid,uuid,NO,,,,
public,FoodItemDietaryAttribute,2,DietaryAttributeId,uuid,uuid,NO,,,,
public,FoodItemDietaryAttribute,3,SuitabilityStatus,character varying,varchar,NO,,20,,
public,FoodItemDietaryAttribute,4,IsConfirmed,boolean,bool,NO,,,,
public,FoodItemDietaryAttribute,5,Source,character varying,varchar,NO,,30,,
public,FoodItemDietaryAttribute,6,CreatedAt,timestamp with time zone,timestamptz,NO,now(),,,
public,FoodItemDietaryAttribute,7,UpdatedAt,timestamp with time zone,timestamptz,NO,now(),,,
public,FoodItemDiningPurpose,1,FoodItemId,uuid,uuid,NO,,,,
public,FoodItemDiningPurpose,2,Purpose,character varying,varchar,NO,,30,,
public,FoodItemDiningPurpose,3,CreatedAt,timestamp with time zone,timestamptz,NO,now(),,,
public,FoodItemIngredient,1,FoodItemId,uuid,uuid,NO,,,,
public,FoodItemIngredient,2,IngredientId,uuid,uuid,NO,,,,
public,FoodItemIngredient,3,IsPrimary,boolean,bool,NO,,,,
public,FoodItemIngredient,4,IsOptional,boolean,bool,NO,,,,
public,FoodItemIngredient,5,CreatedAt,timestamp with time zone,timestamptz,NO,now(),,,
public,FoodItemPreparationMethod,1,FoodItemId,uuid,uuid,NO,,,,
public,FoodItemPreparationMethod,2,PreparationMethodId,uuid,uuid,NO,,,,
public,FoodItemPreparationMethod,3,IsPrimary,boolean,bool,NO,,,,
public,FoodItemPreparationMethod,4,CreatedAt,timestamp with time zone,timestamptz,NO,now(),,,
public,FoodItemSearchFacet,1,FoodItemId,uuid,uuid,NO,,,,
public,FoodItemSearchFacet,2,FoodSearchFacetId,uuid,uuid,NO,,,,
public,FoodItemSearchFacet,3,CreatedAt,timestamp with time zone,timestamptz,NO,now(),,,
public,FoodItemTag,1,FoodItemId,uuid,uuid,NO,,,,
public,FoodItemTag,2,FoodTagId,uuid,uuid,NO,,,,
public,FoodItemTag,3,CreatedAt,timestamp with time zone,timestamptz,NO,now(),,,
public,FoodItemTasteProfile,1,FoodItemId,uuid,uuid,NO,,,,
public,FoodItemTasteProfile,2,TasteProfileId,uuid,uuid,NO,,,,
public,FoodItemTasteProfile,3,Intensity,integer,int4,YES,,,32,0
public,FoodItemTasteProfile,4,CreatedAt,timestamp with time zone,timestamptz,NO,now(),,,
public,FoodPrice,1,Id,uuid,uuid,NO,uuid_generate_v4(),,,
public,FoodPrice,2,FoodItemId,uuid,uuid,NO,,,,
public,FoodPrice,3,Price,numeric,numeric,NO,,,12,2
public,FoodPrice,4,StartDate,timestamp with time zone,timestamptz,YES,,,,
public,FoodPrice,5,EndDate,timestamp with time zone,timestamptz,YES,,,,
public,FoodPrice,6,CreatedAt,timestamp with time zone,timestamptz,NO,,,,
public,FoodPrice,7,UpdatedAt,timestamp with time zone,timestamptz,NO,now(),,,
public,FoodPrice,8,IsDeleted,boolean,bool,NO,false,,,
public,FoodSearchFacet,1,Id,uuid,uuid,NO,uuid_generate_v4(),,,
public,FoodSearchFacet,2,Code,character varying,varchar,NO,,100,,
public,FoodSearchFacet,3,Name,character varying,varchar,NO,,200,,
public,FoodSearchFacet,4,IsSystem,boolean,bool,NO,false,,,
public,FoodSearchFacet,5,IsActive,boolean,bool,NO,true,,,
public,FoodSearchFacet,6,DisplayOrder,integer,int4,NO,0,,32,0
public,FoodSearchFacet,7,CreatedAt,timestamp with time zone,timestamptz,NO,now(),,,
public,FoodSearchFacet,8,UpdatedAt,timestamp with time zone,timestamptz,NO,now(),,,
public,FoodTag,1,Id,uuid,uuid,NO,uuid_generate_v4(),,,
public,FoodTag,2,Name,character varying,varchar,NO,,100,,
public,FoodTag,3,Code,character varying,varchar,NO,,100,,
public,FoodTag,4,Description,text,text,YES,,,,
public,FoodTag,5,TagGroup,character varying,varchar,NO,,30,,
public,FoodTag,6,Status,character varying,varchar,NO,'Active'::character varying,20,,
public,FoodTag,7,IsDeleted,boolean,bool,NO,false,,,
public,FoodTag,8,CreatedAt,timestamp with time zone,timestamptz,NO,now(),,,
public,FoodTag,9,UpdatedAt,timestamp with time zone,timestamptz,NO,now(),,,
public,FoodTag,10,DisplayOrder,integer,int4,NO,0,,32,0
public,FoodTag,11,IsAutoAssigned,boolean,bool,NO,false,,,
public,FoodTag,12,IsPreferenceSelectable,boolean,bool,NO,false,,,
public,FoodTag,13,IsSelectable,boolean,bool,NO,true,,,
public,FoodTag,14,IsSystem,boolean,bool,NO,false,,,
public,Ingredient,1,Id,uuid,uuid,NO,uuid_generate_v4(),,,
public,Ingredient,2,NormalizedName,character varying,varchar,NO,,200,,
public,Ingredient,3,Code,character varying,varchar,NO,,100,,
public,Ingredient,4,Name,character varying,varchar,NO,,200,,
public,Ingredient,5,IsSystem,boolean,bool,NO,false,,,
public,Ingredient,6,IsActive,boolean,bool,NO,true,,,
public,Ingredient,7,DisplayOrder,integer,int4,NO,0,,32,0
public,Ingredient,8,CreatedAt,timestamp with time zone,timestamptz,NO,now(),,,
public,Ingredient,9,UpdatedAt,timestamp with time zone,timestamptz,NO,now(),,,
public,LayoutBlocks,1,Id,uuid,uuid,NO,uuid_generate_v4(),,,
public,LayoutBlocks,2,LayoutId,uuid,uuid,NO,,,,
public,LayoutBlocks,3,Type,character varying,varchar,NO,,50,,
public,LayoutBlocks,4,Name,character varying,varchar,NO,,150,,
public,LayoutBlocks,5,X,double precision,float8,NO,,,53,
public,LayoutBlocks,6,Y,double precision,float8,NO,,,53,
public,LayoutBlocks,7,Width,double precision,float8,NO,,,53,
public,LayoutBlocks,8,Height,double precision,float8,NO,,,53,
public,LayoutBlocks,9,Rotation,double precision,float8,NO,,,53,
public,LayoutBlocks,10,ZoneId,uuid,uuid,YES,,,,
public,LayoutBlocks,11,ConfigJson,text,text,YES,,,,
public,LayoutBlocks,12,DisplayOrder,integer,int4,NO,,,32,0
public,LayoutBlocks,13,IsDeleted,boolean,bool,NO,false,,,
public,LayoutBlocks,14,CreatedAt,timestamp with time zone,timestamptz,NO,now(),,,
public,LayoutBlocks,15,UpdatedAt,timestamp with time zone,timestamptz,NO,now(),,,
public,LayoutEdges,1,Id,uuid,uuid,NO,uuid_generate_v4(),,,
public,LayoutEdges,2,FromNodeId,uuid,uuid,NO,,,,
public,LayoutEdges,3,ToNodeId,uuid,uuid,NO,,,,
public,LayoutEdges,4,Distance,numeric,numeric,NO,,,10,2
public,LayoutEdges,5,CreatedAt,timestamp with time zone,timestamptz,NO,now(),,,
public,LayoutEdges,6,UpdatedAt,timestamp with time zone,timestamptz,NO,now(),,,
public,LayoutEdges,7,IsAccessible,boolean,bool,NO,true,,,
public,LayoutEdges,8,IsBidirectional,boolean,bool,NO,true,,,
public,LayoutEdges,9,IsDeleted,boolean,bool,NO,false,,,
public,LayoutEdges,10,LayoutId,uuid,uuid,NO,,,,
public,LayoutNodes,1,Id,uuid,uuid,NO,uuid_generate_v4(),,,
public,LayoutNodes,2,LayoutId,uuid,uuid,NO,,,,
public,LayoutNodes,3,NodeName,character varying,varchar,YES,,100,,
public,LayoutNodes,4,XCoordinate,numeric,numeric,NO,,,10,2
public,LayoutNodes,5,YCoordinate,numeric,numeric,NO,,,10,2
public,LayoutNodes,6,CreatedAt,timestamp with time zone,timestamptz,NO,now(),,,
public,LayoutNodes,7,UpdatedAt,timestamp with time zone,timestamptz,NO,now(),,,
public,LayoutNodes,8,IsAccessible,boolean,bool,NO,true,,,
public,LayoutNodes,9,IsDeleted,boolean,bool,NO,false,,,
public,LayoutNodes,10,IsStartingPoint,boolean,bool,NO,false,,,
public,LayoutNodes,11,NodeType,character varying,varchar,NO,'Junction'::character varying,20,,
public,LayoutNodes,12,ZoneId,uuid,uuid,YES,,,,
public,LayoutNodes,13,ColumnIndex,integer,int4,YES,,,32,0
public,LayoutNodes,14,LayoutBlockId,uuid,uuid,YES,,,,
public,LayoutNodes,15,RowIndex,integer,int4,YES,,,32,0
public,LayoutNodes,16,SlotCode,character varying,varchar,YES,,20,,
public,MarketLayouts,1,Id,uuid,uuid,NO,uuid_generate_v4(),,,
public,MarketLayouts,2,NightMarketId,uuid,uuid,NO,,,,
public,MarketLayouts,3,LayoutImageUrl,character varying,varchar,YES,,500,,
public,MarketLayouts,4,Width,integer,int4,NO,,,32,0
public,MarketLayouts,5,Height,integer,int4,NO,,,32,0
public,MarketLayouts,6,CreatedAt,timestamp with time zone,timestamptz,NO,now(),,,
public,MarketLayouts,7,UpdatedAt,timestamp with time zone,timestamptz,NO,now(),,,
public,MarketLayouts,8,IsDeleted,boolean,bool,NO,false,,,
public,MarketLayouts,9,LayoutName,character varying,varchar,NO,''::character varying,150,,
public,MarketLayouts,10,Status,character varying,varchar,NO,'Inactive'::character varying,20,,
public,MarketLayouts,11,Version,integer,int4,NO,1,,32,0
public,MarketLayouts,12,MarketWidthMeters,double precision,float8,YES,,,53,
public,MarketLayouts,13,MarketLengthMeters,double precision,float8,YES,,,53,
public,MarketLayouts,14,PixelsPerMeter,double precision,float8,YES,,,53,
public,MarketSubscriptions,1,Id,uuid,uuid,NO,uuid_generate_v4(),,,
public,MarketSubscriptions,2,MarketOwnerId,uuid,uuid,NO,,,,
public,MarketSubscriptions,3,PackageId,uuid,uuid,NO,,,,
public,MarketSubscriptions,4,StartDate,timestamp with time zone,timestamptz,NO,,,,
public,MarketSubscriptions,5,EndDate,timestamp with time zone,timestamptz,NO,,,,
public,MarketSubscriptions,6,Status,character varying,varchar,NO,'Active'::character varying,20,,
public,MarketSubscriptions,7,PaymentEvidenceUrl,text,text,YES,,,,
public,MarketSubscriptions,8,AdminNotes,text,text,YES,,,,
public,MarketSubscriptions,9,CreatedAt,timestamp with time zone,timestamptz,NO,now(),,,
public,MarketSubscriptions,10,UpdatedAt,timestamp with time zone,timestamptz,NO,now(),,,
public,MarketSubscriptions,11,PaidAmount,numeric,numeric,NO,0.0,,18,2
public,MarketSubscriptions,12,PaidAt,timestamp with time zone,timestamptz,YES,,,,
public,MarketSubscriptions,13,PayOSOrderCode,bigint,int8,YES,,,64,0
public,MarketSubscriptions,14,PayOSPaymentLinkId,character varying,varchar,YES,,100,,
public,MarketSubscriptions,15,PaymentExpiresAt,timestamp with time zone,timestamptz,YES,,,,
public,MarketSubscriptions,16,ChangeType,text,text,YES,,,,
public,MarketSubscriptions,17,CreditAmount,numeric,numeric,NO,0.0,,,
public,MarketSubscriptions,18,PolicyAcceptedAt,timestamp with time zone,timestamptz,YES,,,,
public,MarketSubscriptions,19,PolicySnapshotJson,text,text,YES,,,,
public,MarketSubscriptions,20,PolicyVersion,text,text,YES,,,,
public,MarketSubscriptions,21,PreviousSubscriptionId,uuid,uuid,YES,,,,
public,MarketSubscriptions,22,BuyerName,text,text,YES,,,,
public,MarketSubscriptions,23,BuyerEmail,text,text,YES,,,,
public,MarketSubscriptions,24,BuyerPhone,text,text,YES,,,,
public,Message,1,Id,uuid,uuid,NO,uuid_generate_v4(),,,
public,Message,2,ConversationId,uuid,uuid,NO,,,,
public,Message,3,SenderId,uuid,uuid,NO,,,,
public,Message,4,SenderRole,character varying,varchar,NO,,20,,
public,Message,5,Type,character varying,varchar,NO,'Text'::character varying,20,,
public,Message,6,Content,text,text,NO,,,,
public,Message,7,IsRead,boolean,bool,NO,false,,,
public,Message,8,CreatedAt,timestamp with time zone,timestamptz,NO,now(),,,
public,Message,9,UpdatedAt,timestamp with time zone,timestamptz,NO,now(),,,
public,Message,10,ClientMessageId,uuid,uuid,YES,,,,
public,Message,11,DeletedAt,timestamp with time zone,timestamptz,YES,,,,
public,Message,12,ReadAt,timestamp with time zone,timestamptz,YES,,,,
public,ModerationActionHistory,1,Id,uuid,uuid,NO,,,,
public,ModerationActionHistory,2,BoothId,uuid,uuid,YES,,,,
public,ModerationActionHistory,3,NightMarketId,uuid,uuid,YES,,,,
public,ModerationActionHistory,4,AdminId,uuid,uuid,NO,,,,
public,ModerationActionHistory,5,AdminName,character varying,varchar,YES,,200,,
public,ModerationActionHistory,6,PreviousStatus,character varying,varchar,NO,,20,,
public,ModerationActionHistory,7,NewStatus,character varying,varchar,NO,,20,,
public,ModerationActionHistory,8,Reason,character varying,varchar,NO,,1000,,
public,ModerationActionHistory,9,Source,character varying,varchar,NO,'DirectAdmin'::character varying,20,,
public,ModerationActionHistory,10,ComplaintId,uuid,uuid,YES,,,,
public,ModerationActionHistory,11,CreatedAt,timestamp with time zone,timestamptz,NO,now(),,,
public,NightMarket,1,Id,uuid,uuid,NO,uuid_generate_v4(),,,
public,NightMarket,2,Name,character varying,varchar,NO,,200,,
public,NightMarket,3,Description,text,text,YES,,,,
public,NightMarket,4,Address,character varying,varchar,NO,,500,,
public,NightMarket,5,Latitude,numeric,numeric,YES,,,10,7
public,NightMarket,6,Longitude,numeric,numeric,YES,,,10,7
public,NightMarket,7,OpeningHours,time without time zone,time,YES,,,,
public,NightMarket,8,ClosingHours,time without time zone,time,YES,,,,
public,NightMarket,9,TotalBooth,integer,int4,NO,0,,32,0
public,NightMarket,10,BoundaryWidthMeters,integer,int4,YES,,,32,0
public,NightMarket,11,BoundaryHeightMeters,integer,int4,YES,,,32,0
public,NightMarket,12,ThumbnailUrl,character varying,varchar,YES,,500,,
public,NightMarket,13,Status,character varying,varchar,NO,'Inactive'::character varying,20,,
public,NightMarket,14,CreatedAt,timestamp with time zone,timestamptz,NO,now(),,,
public,NightMarket,15,UpdatedAt,timestamp with time zone,timestamptz,NO,now(),,,
public,NightMarket,16,IsDeleted,boolean,bool,NO,false,,,
public,NightMarket,17,MarketOwnerId,uuid,uuid,YES,,,,
public,NightMarket,18,ModerationStatus,character varying,varchar,NO,'Active'::character varying,20,,
public,NightMarket,19,DeletedAt,timestamp with time zone,timestamptz,YES,,,,
public,NightMarket,20,DeletedBy,uuid,uuid,YES,,,,
public,NightMarket,21,DeletionReason,text,text,YES,,,,
public,NightMarketImages,1,Id,uuid,uuid,NO,uuid_generate_v4(),,,
public,NightMarketImages,2,NightMarketId,uuid,uuid,NO,,,,
public,NightMarketImages,3,ImageUrl,character varying,varchar,NO,,500,,
public,NightMarketImages,4,DisplayOrder,integer,int4,NO,0,,32,0
public,NightMarketImages,5,IsCover,boolean,bool,NO,false,,,
public,NightMarketImages,6,IsDeleted,boolean,bool,NO,false,,,
public,NightMarketImages,7,CreatedAt,timestamp with time zone,timestamptz,NO,now(),,,
public,NightMarketImages,8,UpdatedAt,timestamp with time zone,timestamptz,NO,now(),,,
public,Notification,1,Id,uuid,uuid,NO,uuid_generate_v4(),,,
public,Notification,2,UserId,uuid,uuid,NO,,,,
public,Notification,3,BoothId,uuid,uuid,YES,,,,
public,Notification,4,Type,character varying,varchar,NO,,50,,
public,Notification,5,Title,character varying,varchar,NO,,200,,
public,Notification,6,Content,text,text,NO,,,,
public,Notification,7,CreatedAt,timestamp with time zone,timestamptz,NO,now(),,,
public,Notification,8,UpdatedAt,timestamp with time zone,timestamptz,NO,now(),,,
public,Notification,9,DataJson,text,text,YES,,,,
public,Notification,10,IsDeleted,boolean,bool,NO,false,,,
public,Notification,11,IsRead,boolean,bool,NO,false,,,
public,Notification,12,ReadAt,timestamp with time zone,timestamptz,YES,,,,
public,Notification,13,ReferenceId,uuid,uuid,YES,,,,
public,Notification,14,ReferenceType,character varying,varchar,YES,,100,,
public,Notification,15,BatchId,uuid,uuid,YES,,,,
public,Notification,16,CreatedByUserId,uuid,uuid,YES,,,,
public,Notification,17,Target,integer,int4,YES,,,32,0
public,Notification,18,TargetRole,character varying,varchar,YES,,50,,
public,Order,1,Id,uuid,uuid,NO,uuid_generate_v4(),,,
public,Order,2,CustomerId,uuid,uuid,NO,,,,
public,Order,3,OrderCode,bigint,int8,NO,,,64,0
public,Order,4,Status,character varying,varchar,NO,'Placed'::character varying,30,,
public,Order,6,TotalAmount,numeric,numeric,NO,,,12,2
public,Order,7,DiscountAmount,numeric,numeric,NO,,,12,2
public,Order,8,FinalAmount,numeric,numeric,NO,,,12,2
public,Order,9,Note,text,text,YES,,,,
public,Order,10,CreatedAt,timestamp with time zone,timestamptz,NO,now(),,,
public,Order,11,UpdatedAt,timestamp with time zone,timestamptz,NO,now(),,,
public,Order,12,BoothOwnerId,uuid,uuid,NO,'00000000-0000-0000-0000-000000000000'::uuid,,,
public,Order,13,PayStatus,integer,int4,NO,0,,32,0
public,Order,14,CheckoutRequestId,uuid,uuid,YES,,,,
public,Order,15,BoothId,uuid,uuid,NO,,,,
public,Order,16,CancellationReason,character varying,varchar,YES,,500,,
public,Order,17,CancelledAt,timestamp with time zone,timestamptz,YES,,,,
public,Order,18,CompletedAt,timestamp with time zone,timestamptz,YES,,,,
public,Order,19,IdempotencyKey,character varying,varchar,YES,,100,,
public,Order,20,PaymentMethod,character varying,varchar,NO,'Cash'::character varying,20,,
public,Order,21,PromotionId,uuid,uuid,YES,,,,
public,Order,22,PromotionSnapshot,jsonb,jsonb,YES,,,,
public,Order,23,RequestHash,character varying,varchar,YES,,64,,
public,Order,24,RowVersion,bytea,bytea,NO,uuid_send(gen_random_uuid()),,,
public,Order,25,CheckoutCartItemIds,jsonb,jsonb,YES,,,,
public,OrderDetail,1,Id,uuid,uuid,NO,uuid_generate_v4(),,,
public,OrderDetail,2,OrderId,uuid,uuid,NO,,,,
public,OrderDetail,3,FoodItemId,uuid,uuid,NO,,,,
public,OrderDetail,4,Quantity,integer,int4,NO,,,32,0
public,OrderDetail,5,UnitPrice,numeric,numeric,NO,,,12,2
public,OrderDetail,6,TotalPrice,numeric,numeric,NO,,,12,2
public,OrderDetail,7,CreatedAt,timestamp with time zone,timestamptz,NO,now(),,,
public,OrderDetail,8,UpdatedAt,timestamp with time zone,timestamptz,NO,now(),,,
public,OrderDetail,9,FoodNameSnapshot,character varying,varchar,NO,,200,,
public,Package,1,Id,uuid,uuid,NO,uuid_generate_v4(),,,
public,Package,2,PackageName,character varying,varchar,NO,,100,,
public,Package,3,Price,numeric,numeric,NO,,,12,2
public,Package,4,DurationDays,integer,int4,NO,,,32,0
public,Package,5,Description,text,text,YES,,,,
public,Package,6,Status,character varying,varchar,NO,'Active'::character varying,20,,
public,Package,7,CreatedAt,timestamp with time zone,timestamptz,NO,now(),,,
public,Package,8,UpdatedAt,timestamp with time zone,timestamptz,NO,now(),,,
public,Package,9,IsDeleted,boolean,bool,NO,false,,,
public,Package,10,Type,integer,int4,NO,0,,32,0
public,Package,11,Code,character varying,varchar,YES,,50,,
public,Package,12,Entitlements,jsonb,jsonb,YES,,,,
public,Package,13,ImageUrl,character varying,varchar,YES,,500,,
public,PackagePolicies,1,Id,uuid,uuid,NO,,,,
public,PackagePolicies,2,PackageId,uuid,uuid,NO,,,,
public,PackagePolicies,3,Version,character varying,varchar,NO,,50,,
public,PackagePolicies,4,Title,character varying,varchar,NO,,200,,
public,PackagePolicies,5,ContentJson,text,text,NO,,,,
public,PackagePolicies,6,ContentMarkdown,text,text,YES,,,,
public,PackagePolicies,7,EffectiveFrom,timestamp with time zone,timestamptz,NO,,,,
public,PackagePolicies,8,IsActive,boolean,bool,NO,,,,
public,PackagePolicies,9,CreatedAt,timestamp with time zone,timestamptz,NO,now(),,,
public,PackagePolicies,10,UpdatedAt,timestamp with time zone,timestamptz,NO,now(),,,
public,PackagePolicies,11,IsDeleted,boolean,bool,NO,,,,
public,PackagePrice,1,Id,uuid,uuid,NO,uuid_generate_v4(),,,
public,PackagePrice,2,PackageId,uuid,uuid,NO,,,,
public,PackagePrice,3,Price,numeric,numeric,NO,,,12,2
public,PackagePrice,4,StartDate,timestamp with time zone,timestamptz,YES,,,,
public,PackagePrice,5,EndDate,timestamp with time zone,timestamptz,YES,,,,
public,PackagePrice,6,CreatedAt,timestamp with time zone,timestamptz,NO,now(),,,
public,PackagePrice,7,UpdatedAt,timestamp with time zone,timestamptz,NO,now(),,,
public,PackagePrice,8,IsDeleted,boolean,bool,NO,false,,,
public,PackagePrice,9,DurationDays,integer,int4,NO,30,,32,0
public,PaymentAttempts,1,Id,uuid,uuid,NO,,,,
public,PaymentAttempts,2,PaymentId,uuid,uuid,NO,,,,
public,PaymentAttempts,3,AttemptNumber,integer,int4,NO,,,32,0
public,PaymentAttempts,4,ProviderOrderCode,bigint,int8,NO,,,64,0
public,PaymentAttempts,5,ProviderPaymentLinkId,character varying,varchar,YES,,255,,
public,PaymentAttempts,6,Status,character varying,varchar,NO,,20,,
public,PaymentAttempts,7,CheckoutUrl,character varying,varchar,YES,,2000,,
public,PaymentAttempts,8,QrCode,character varying,varchar,YES,,4000,,
public,PaymentAttempts,9,FailureCode,character varying,varchar,YES,,100,,
public,PaymentAttempts,10,FailureMessage,character varying,varchar,YES,,500,,
public,PaymentAttempts,11,CreatedAt,timestamp with time zone,timestamptz,NO,,,,
public,PaymentAttempts,12,UpdatedAt,timestamp with time zone,timestamptz,NO,,,,
public,PaymentAttempts,13,ExpiresAt,timestamp with time zone,timestamptz,YES,,,,
public,PaymentMethod,1,Id,uuid,uuid,NO,,,,
public,PaymentMethod,2,MethodType,character varying,varchar,NO,,20,,
public,PaymentMethod,3,PaymentToken,character varying,varchar,YES,,500,,
public,PaymentMethod,4,IsDefault,boolean,bool,NO,,,,
public,PaymentMethod,5,UserId,uuid,uuid,NO,,,,
public,PaymentWebhookEvents,1,Id,uuid,uuid,NO,,,,
public,PaymentWebhookEvents,2,Provider,character varying,varchar,NO,,30,,
public,PaymentWebhookEvents,3,ProviderEventKey,character varying,varchar,NO,,255,,
public,PaymentWebhookEvents,4,OrderCode,bigint,int8,NO,,,64,0
public,PaymentWebhookEvents,5,SignatureHash,character varying,varchar,NO,,64,,
public,PaymentWebhookEvents,6,PayloadHash,character varying,varchar,NO,,64,,
public,PaymentWebhookEvents,7,ProcessingStatus,character varying,varchar,NO,,20,,
public,PaymentWebhookEvents,8,ReceivedAt,timestamp with time zone,timestamptz,NO,,,,
public,PaymentWebhookEvents,9,ProcessedAt,timestamp with time zone,timestamptz,YES,,,,
public,PaymentWebhookEvents,10,Error,character varying,varchar,YES,,500,,
public,Payments,1,Id,uuid,uuid,NO,uuid_generate_v4(),,,
public,Payments,2,OrderId,uuid,uuid,NO,,,,
public,Payments,3,BoothOwnerId,uuid,uuid,NO,,,,
public,Payments,4,Type,character varying,varchar,NO,,20,,
public,Payments,6,Amount,numeric,numeric,NO,,,12,2
public,Payments,8,Status,character varying,varchar,NO,'Pending'::character varying,20,,
public,Payments,9,GatewayRef,character varying,varchar,YES,,255,,
public,Payments,10,RefundReason,character varying,varchar,YES,,500,,
public,Payments,11,PaidAt,timestamp with time zone,timestamptz,YES,,,,
public,Payments,12,CreatedAt,timestamp with time zone,timestamptz,NO,now(),,,
public,Payments,13,UpdatedAt,timestamp with time zone,timestamptz,NO,now(),,,
public,Payments,14,CheckoutUrl,character varying,varchar,YES,,2000,,
public,Payments,15,PaymentLinkId,character varying,varchar,YES,,255,,
public,Payments,16,Gateway,character varying,varchar,NO,,20,,
public,Payments,17,PayOSOrderCode,bigint,int8,YES,,,64,0
public,Payments,18,PayoutId,character varying,varchar,YES,,100,,
public,Payments,19,RefundAmount,numeric,numeric,YES,,,12,2
public,Payments,20,RefundReference,character varying,varchar,YES,,100,,
public,Payments,21,RefundRequestedAt,timestamp with time zone,timestamptz,YES,,,,
public,Payments,22,RefundedAt,timestamp with time zone,timestamptz,YES,,,,
public,Payments,23,PayoutCreateClaimedAt,timestamp with time zone,timestamptz,YES,,,,
public,Payments,24,CancelledAt,timestamp with time zone,timestamptz,YES,,,,
public,Payments,25,ExpiresAt,timestamp with time zone,timestamptz,YES,,,,
public,Payments,26,FailedAt,timestamp with time zone,timestamptz,YES,,,,
public,Payments,27,FailureCode,character varying,varchar,YES,,100,,
public,Payments,28,FailureMessage,character varying,varchar,YES,,500,,
public,Payments,29,QrCode,character varying,varchar,YES,,4000,,
public,Payments,30,RowVersion,bytea,bytea,NO,uuid_send(gen_random_uuid()),,,
public,PreparationMethod,1,Id,uuid,uuid,NO,uuid_generate_v4(),,,
public,PreparationMethod,2,Code,character varying,varchar,NO,,100,,
public,PreparationMethod,3,Name,character varying,varchar,NO,,200,,
public,PreparationMethod,4,IsSystem,boolean,bool,NO,false,,,
public,PreparationMethod,5,IsActive,boolean,bool,NO,true,,,
public,PreparationMethod,6,DisplayOrder,integer,int4,NO,0,,32,0
public,PreparationMethod,7,CreatedAt,timestamp with time zone,timestamptz,NO,now(),,,
public,PreparationMethod,8,UpdatedAt,timestamp with time zone,timestamptz,NO,now(),,,
public,Promotion,1,Id,uuid,uuid,NO,uuid_generate_v4(),,,
public,Promotion,2,BoothId,uuid,uuid,NO,,,,
public,Promotion,3,PromotionCode,character varying,varchar,YES,,50,,
public,Promotion,4,Title,character varying,varchar,NO,,200,,
public,Promotion,5,Description,text,text,YES,,,,
public,Promotion,6,DiscountType,character varying,varchar,NO,,20,,
public,Promotion,7,DiscountValue,numeric,numeric,NO,,,12,2
public,Promotion,8,StartDate,timestamp with time zone,timestamptz,NO,,,,
public,Promotion,9,EndDate,timestamp with time zone,timestamptz,NO,,,,
public,Promotion,10,Status,character varying,varchar,NO,'Scheduled'::character varying,20,,
public,Promotion,11,CreatedAt,timestamp with time zone,timestamptz,NO,now(),,,
public,Promotion,12,UpdatedAt,timestamp with time zone,timestamptz,NO,now(),,,
public,Promotion,13,IsDeleted,boolean,bool,NO,false,,,
public,Promotion,14,IsPublic,boolean,bool,NO,false,,,
public,Promotion,15,MaximumDiscountAmount,numeric,numeric,YES,,,12,2
public,Promotion,16,MinimumOrderAmount,numeric,numeric,YES,,,12,2
public,Promotion,17,Scope,character varying,varchar,NO,'EntireBoothOrder'::character varying,30,,
public,Promotion,18,TotalUsageLimit,integer,int4,YES,,,32,0
public,Promotion,19,UsageLimitPerCustomer,integer,int4,YES,,,32,0
public,PromotionCategory,1,PromotionId,uuid,uuid,NO,,,,
public,PromotionCategory,2,CategoryId,uuid,uuid,NO,,,,
public,PromotionFoodItem,1,PromotionId,uuid,uuid,NO,,,,
public,PromotionFoodItem,2,FoodItemId,uuid,uuid,NO,,,,
public,PromotionUsages,1,Id,uuid,uuid,NO,uuid_generate_v4(),,,
public,PromotionUsages,2,PromotionId,uuid,uuid,NO,,,,
public,PromotionUsages,3,OrderId,uuid,uuid,NO,,,,
public,PromotionUsages,4,CustomerId,uuid,uuid,NO,,,,
public,PromotionUsages,5,CreatedAt,timestamp with time zone,timestamptz,NO,now(),,,
public,PromotionUsages,6,UpdatedAt,timestamp with time zone,timestamptz,NO,now(),,,
public,PromotionUsages,7,AppliedAt,timestamp with time zone,timestamptz,NO,now(),,,
public,PromotionUsages,8,DiscountAmount,numeric,numeric,NO,0.0,,12,2
public,PromotionUsages,9,ReleasedAt,timestamp with time zone,timestamptz,YES,,,,
public,PromotionUsages,10,Status,character varying,varchar,NO,'Reserved'::character varying,20,,
public,PromotionUsages,11,PromotionCodeSnapshot,character varying,varchar,YES,,50,,
public,PromotionUsages,12,PromotionTitleSnapshot,character varying,varchar,NO,,200,,
public,ReviewReplies,1,Id,uuid,uuid,NO,uuid_generate_v4(),,,
public,ReviewReplies,2,ReviewId,uuid,uuid,NO,,,,
public,ReviewReplies,3,BoothOwnerId,uuid,uuid,NO,,,,
public,ReviewReplies,4,Content,text,text,NO,,,,
public,ReviewReplies,5,CreatedAt,timestamp with time zone,timestamptz,NO,now(),,,
public,ReviewReplies,6,UpdatedAt,timestamp with time zone,timestamptz,NO,now(),,,
public,Reviews,1,Id,uuid,uuid,NO,uuid_generate_v4(),,,
public,Reviews,2,BoothId,uuid,uuid,NO,,,,
public,Reviews,3,CustomerId,uuid,uuid,NO,,,,
public,Reviews,4,OrderId,uuid,uuid,NO,,,,
public,Reviews,5,Rating,smallint,int2,NO,,,16,0
public,Reviews,6,Content,text,text,YES,,,,
public,Reviews,7,ImageUrl,character varying,varchar,YES,,500,,
public,Reviews,8,IsVisible,boolean,bool,NO,true,,,
public,Reviews,9,CreatedAt,timestamp with time zone,timestamptz,NO,now(),,,
public,Reviews,10,UpdatedAt,timestamp with time zone,timestamptz,NO,now(),,,
public,Role,1,Id,uuid,uuid,NO,uuid_generate_v4(),,,
public,Role,2,RoleName,character varying,varchar,NO,,50,,
public,Role,3,Description,text,text,YES,,,,
public,Role,4,CreatedAt,timestamp with time zone,timestamptz,NO,now(),,,
public,Role,5,UpdatedAt,timestamp with time zone,timestamptz,NO,now(),,,
public,SupportAttachments,1,Id,uuid,uuid,NO,,,,
public,SupportAttachments,2,TicketId,uuid,uuid,NO,,,,
public,SupportAttachments,3,MessageId,uuid,uuid,YES,,,,
public,SupportAttachments,4,FileUrl,character varying,varchar,NO,,1000,,
public,SupportAttachments,5,OriginalFileName,character varying,varchar,NO,,255,,
public,SupportAttachments,6,ContentType,character varying,varchar,NO,,100,,
public,SupportAttachments,7,FileSize,bigint,int8,NO,,,64,0
public,SupportAttachments,8,CreatedAt,timestamp with time zone,timestamptz,NO,,,,
public,SupportMessages,1,Id,uuid,uuid,NO,,,,
public,SupportMessages,2,TicketId,uuid,uuid,NO,,,,
public,SupportMessages,3,SenderId,uuid,uuid,NO,,,,
public,SupportMessages,4,SenderRole,character varying,varchar,NO,,30,,
public,SupportMessages,5,Body,character varying,varchar,NO,,4000,,
public,SupportMessages,6,IsInternalNote,boolean,bool,NO,,,,
public,SupportMessages,7,CreatedAt,timestamp with time zone,timestamptz,NO,,,,
public,SupportStatusHistories,1,Id,uuid,uuid,NO,,,,
public,SupportStatusHistories,2,TicketId,uuid,uuid,NO,,,,
public,SupportStatusHistories,3,ActorId,uuid,uuid,NO,,,,
public,SupportStatusHistories,4,FromStatus,character varying,varchar,YES,,30,,
public,SupportStatusHistories,5,ToStatus,character varying,varchar,NO,,30,,
public,SupportStatusHistories,6,Note,character varying,varchar,YES,,1000,,
public,SupportStatusHistories,7,CreatedAt,timestamp with time zone,timestamptz,NO,,,,
public,SupportTickets,1,Id,uuid,uuid,NO,,,,
public,SupportTickets,2,TicketCode,character varying,varchar,NO,,24,,
public,SupportTickets,3,RequesterId,uuid,uuid,NO,,,,
public,SupportTickets,4,RequesterRole,character varying,varchar,NO,,30,,
public,SupportTickets,5,BoothId,uuid,uuid,YES,,,,
public,SupportTickets,6,NightMarketId,uuid,uuid,YES,,,,
public,SupportTickets,7,Category,character varying,varchar,NO,,50,,
public,SupportTickets,8,Title,character varying,varchar,NO,,200,,
public,SupportTickets,9,Description,character varying,varchar,NO,,4000,,
public,SupportTickets,10,Status,character varying,varchar,NO,,30,,
public,SupportTickets,11,Priority,character varying,varchar,NO,,20,,
public,SupportTickets,12,PageUrl,character varying,varchar,YES,,1000,,
public,SupportTickets,13,AssignedAdminId,uuid,uuid,YES,,,,
public,SupportTickets,14,DueAt,timestamp with time zone,timestamptz,NO,,,,
public,SupportTickets,15,FirstRespondedAt,timestamp with time zone,timestamptz,YES,,,,
public,SupportTickets,16,ResolvedAt,timestamp with time zone,timestamptz,YES,,,,
public,SupportTickets,17,ClosedAt,timestamp with time zone,timestamptz,YES,,,,
public,SupportTickets,18,CreatedAt,timestamp with time zone,timestamptz,NO,,,,
public,SupportTickets,19,UpdatedAt,timestamp with time zone,timestamptz,NO,,,,
public,SystemSetting,1,Id,uuid,uuid,NO,uuid_generate_v4(),,,
public,SystemSetting,2,Key,character varying,varchar,NO,,100,,
public,SystemSetting,3,Value,text,text,NO,,,,
public,SystemSetting,4,Description,character varying,varchar,YES,,500,,
public,SystemSetting,5,CreatedAt,timestamp with time zone,timestamptz,NO,now(),,,
public,SystemSetting,6,UpdatedAt,timestamp with time zone,timestamptz,NO,now(),,,
public,TasteProfile,1,Id,uuid,uuid,NO,uuid_generate_v4(),,,
public,TasteProfile,2,Code,character varying,varchar,NO,,100,,
public,TasteProfile,3,Name,character varying,varchar,NO,,200,,
public,TasteProfile,4,IsSystem,boolean,bool,NO,false,,,
public,TasteProfile,5,IsActive,boolean,bool,NO,true,,,
public,TasteProfile,6,DisplayOrder,integer,int4,NO,0,,32,0
public,TasteProfile,7,CreatedAt,timestamp with time zone,timestamptz,NO,now(),,,
public,TasteProfile,8,UpdatedAt,timestamp with time zone,timestamptz,NO,now(),,,
public,User,1,Id,uuid,uuid,NO,uuid_generate_v4(),,,
public,User,2,RoleId,uuid,uuid,NO,,,,
public,User,3,UserName,character varying,varchar,NO,,100,,
public,User,4,PasswordHash,character varying,varchar,NO,,255,,
public,User,5,FullName,character varying,varchar,NO,,150,,
public,User,6,Email,character varying,varchar,NO,,150,,
public,User,7,Phone,character varying,varchar,YES,,20,,
public,User,8,Address,character varying,varchar,YES,,255,,
public,User,9,DoB,date,date,YES,,,,
public,User,10,AvatarUrl,character varying,varchar,YES,,500,,
public,User,11,AuthProvider,character varying,varchar,NO,'Local'::character varying,30,,
public,User,12,GoogleId,character varying,varchar,YES,,100,,
public,User,13,RefreshTokenHash,character varying,varchar,YES,,64,,
public,User,14,RefreshTokenExpiresAt,timestamp with time zone,timestamptz,YES,,,,
public,User,15,EmailVerificationTokenHash,character varying,varchar,YES,,64,,
public,User,16,EmailVerificationTokenExpiresAt,timestamp with time zone,timestamptz,YES,,,,
public,User,17,PasswordResetOtpHash,character varying,varchar,YES,,64,,
public,User,18,PasswordResetOtpExpiresAt,timestamp with time zone,timestamptz,YES,,,,
public,User,19,PasswordResetTokenHash,character varying,varchar,YES,,64,,
public,User,20,PasswordResetTokenExpiresAt,timestamp with time zone,timestamptz,YES,,,,
public,User,21,Status,character varying,varchar,NO,,20,,
public,User,22,CreatedAt,timestamp with time zone,timestamptz,NO,now(),,,
public,User,23,UpdatedAt,timestamp with time zone,timestamptz,NO,now(),,,
public,UserDeviceToken,1,Id,uuid,uuid,NO,uuid_generate_v4(),,,
public,UserDeviceToken,2,UserId,uuid,uuid,NO,,,,
public,UserDeviceToken,3,Token,character varying,varchar,NO,,4096,,
public,UserDeviceToken,4,Platform,character varying,varchar,NO,,20,,
public,UserDeviceToken,5,DeviceId,character varying,varchar,YES,,200,,
public,UserDeviceToken,6,IsActive,boolean,bool,NO,true,,,
public,UserDeviceToken,7,IsDeleted,boolean,bool,NO,false,,,
public,UserDeviceToken,8,LastUsedAt,timestamp with time zone,timestamptz,NO,,,,
public,UserDeviceToken,9,CreatedAt,timestamp with time zone,timestamptz,NO,now(),,,
public,UserDeviceToken,10,UpdatedAt,timestamp with time zone,timestamptz,NO,now(),,,
public,UserStatusHistories,1,Id,uuid,uuid,NO,,,,
public,UserStatusHistories,2,UserId,uuid,uuid,NO,,,,
public,UserStatusHistories,3,ChangedByAdminId,uuid,uuid,NO,,,,
public,UserStatusHistories,4,PreviousStatus,character varying,varchar,NO,,20,,
public,UserStatusHistories,5,NewStatus,character varying,varchar,NO,,20,,
public,UserStatusHistories,6,Reason,character varying,varchar,NO,,1000,,
public,UserStatusHistories,7,CreatedAt,timestamp with time zone,timestamptz,NO,,,,
public,Zones,1,Id,uuid,uuid,NO,uuid_generate_v4(),,,
public,Zones,2,NightMarketId,uuid,uuid,NO,,,,
public,Zones,3,ZoneName,character varying,varchar,NO,,100,,
public,Zones,4,Description,text,text,YES,,,,
public,Zones,5,Color,character varying,varchar,YES,,50,,
public,Zones,6,Status,character varying,varchar,NO,'Active'::character varying,20,,
public,Zones,7,CreatedAt,timestamp with time zone,timestamptz,NO,now(),,,
public,Zones,8,UpdatedAt,timestamp with time zone,timestamptz,NO,now(),,,
public,Zones,9,IsDeleted,boolean,bool,NO,false,,,
public,Zones,10,Capacity,integer,int4,NO,0,,32,0
public,Zones,11,DefaultBoothHeight,double precision,float8,NO,60.0,,53,
public,Zones,12,DefaultBoothWidth,double precision,float8,NO,80.0,,53,
public,Zones,13,DefaultGap,double precision,float8,NO,20.0,,53,
public,Zones,14,ZoneCode,character varying,varchar,YES,,20,,
public,Zones,15,WidthMeters,double precision,float8,YES,,,53,
public,Zones,16,LengthMeters,double precision,float8,YES,,,53,
public,Zones,17,BoothWidthMeters,double precision,float8,YES,,,53,
public,Zones,18,BoothLengthMeters,double precision,float8,YES,,,53,
public,Zones,19,HorizontalGapMeters,double precision,float8,YES,,,53,
public,Zones,20,VerticalGapMeters,double precision,float8,YES,,,53,
public,__EFMigrationsHistory,1,MigrationId,character varying,varchar,NO,,150,,
public,__EFMigrationsHistory,2,ProductVersion,character varying,varchar,NO,,32,,
